text,label
Your doctor appointment is confirmed for Thursday at 3:00 PM. Reply 1 to confirm. Thanks!,0
Attached is the weekly project status report for your review. Ref ID: #7249,0
ATTENTION: YOUR WELLS FARGO ACCOUNT HAS BEEN LOCKED. ENTER YOUR OTP AND DEBIT CARD PIN AT HTTP://WELLSFARGO.VERIFY-ID.WORK TO RESTORE ACCESS.,1
Apple Support: Your iPhone was located near Chicago. Sign in with your Apple ID and password at http://appleid.icloud-locate.cf to view location map.,1
"Hey, are we still meeting for lunch at 12:30 pm today? Ref ID: #3272",0
Apple Support: Your iPhone was located near Chicago. Sign in with your Apple ID and password at http://appleid.icloud-locate.cf to view location map. Reference Case #483968.,1
"Hey, are we still meeting for lunch at 12:30 pm today?",0
Thank you for dining with us! Here is your e-receipt for $24.50.,0
Your verification code is 482910. Do not share this with anyone. Expires in 10 mins. Ref ID: #4750,0
"Hi there, hey, are we still meeting for lunch at 12:30 pm today?",0
"Earn $500 to $2,000 daily working from home! Guaranteed return on crypto investment. Deposit 0.05 BTC to double your money in 24 hours.",1
"URGENT: We detected an unauthorized wire transfer of $2,490 from your Chase account. Click http://chase-fraud-prevention.live immediately to cancel transfer. Reference Case #273645.",1
URGENT: YOUR BANK OF AMERICA DEBIT CARD HAS BEEN SUSPENDED DUE TO SUSPICIOUS ACTIVITY. CLICK HTTP://192.168.1.1/BOFA-VERIFY TO UNLOCK YOUR CARD WITHIN 2 HOURS!,1
"Hi there, thank you for dining with us! here is your e-receipt for $24.50.",0
URGENT: Your Bank of America debit card has been SUSPENDED due to suspicious activity. Click http://192.168.1.1/bofa-verify to unlock your card within 2 hours!,1
WhatsApp Security: Your WhatsApp account will be deleted within 24h. Send the 6-digit SMS verification code to verify your phone number. Reference Case #674071.,1
URGENT: Your Bank of America debit card has been SUSPENDED due to suspicious activity. Click http://192.168.1.1/bofa-verify to unlock your card within 2 hours! Reference Case #272223.,1
"URGENT NOTICE [279]: Congratulations! You won the $1,500,000 international lottery! Send your bank details and $200 processing fee via Western Union to claim your prize now.",1
Thank you for dining with us! Here is your e-receipt for $24.50. Ref ID: #5676,0
DHL Express: Package #948271 could not be delivered. Confirm payment of import duty customs fee immediately at http://dhl-express-duty.buzz,1
Your package from Amazon was delivered to your front porch. Ref ID: #6991,0
"Hi there, hi mom, i just arrived safely at the hotel. talk to you tonight!",0
"URGENT NOTICE [780]: Dear Customer, your Netflix subscription expired. Please update your billing credit card information at http://netflix-billing-resolve.top to prevent account cancellation.",1
ATTENTION: YOUR WELLS FARGO ACCOUNT HAS BEEN LOCKED. ENTER YOUR OTP AND DEBIT CARD PIN AT HTTP://WELLSFARGO.VERIFY-ID.WORK TO RESTORE ACCESS.,1
"Hi mom, I just arrived safely at the hotel. Talk to you tonight! Thanks!",0
USPS: YOUR DELIVERY PACKAGE IS ON HOLD DUE TO INCORRECT ADDRESS. PAY $1.99 REDELIVERY FEE AT HTTP://USPS-REDELIVERY-SUPPORT.CLICK TO AVOID PACKAGE RETURN.,1
Attached is the weekly project status report for your review. Ref ID: #8741,0
"Your flight AA104 is on schedule, boarding at gate B22. Ref ID: #4538",0
DHL EXPRESS: PACKAGE #948271 COULD NOT BE DELIVERED. CONFIRM PAYMENT OF IMPORT DUTY CUSTOMS FEE IMMEDIATELY AT HTTP://DHL-EXPRESS-DUTY.BUZZ,1
Your verification code is 482910. Do not share this with anyone. Expires in 10 mins.,0
"Hi there, thank you for dining with us! here is your e-receipt for $24.50.",0
"Hey team, the latest code PR has been reviewed and merged into main branch. Thanks!",0
"URGENT: We detected an unauthorized wire transfer of $2,490 from your Chase account. Click http://chase-fraud-prevention.live immediately to cancel transfer.",1
"Hi there, attached is the weekly project status report for your review.",0
Attached is the weekly project status report for your review. Thanks!,0
Your doctor appointment is confirmed for Thursday at 3:00 PM. Reply 1 to confirm.,0
"URGENT NOTICE [123]: Congratulations! You won the $1,500,000 international lottery! Send your bank details and $200 processing fee via Western Union to claim your prize now.",1
"URGENT: WE DETECTED AN UNAUTHORIZED WIRE TRANSFER OF $2,490 FROM YOUR CHASE ACCOUNT. CLICK HTTP://CHASE-FRAUD-PREVENTION.LIVE IMMEDIATELY TO CANCEL TRANSFER.",1
Happy Birthday! Hope you have a wonderful celebration with family and friends!,0
WHATSAPP SECURITY: YOUR WHATSAPP ACCOUNT WILL BE DELETED WITHIN 24H. SEND THE 6-DIGIT SMS VERIFICATION CODE TO VERIFY YOUR PHONE NUMBER.,1
Hey! Can you send me the lecture notes from today's machine learning class?,0
WHATSAPP SECURITY: YOUR WHATSAPP ACCOUNT WILL BE DELETED WITHIN 24H. SEND THE 6-DIGIT SMS VERIFICATION CODE TO VERIFY YOUR PHONE NUMBER.,1
DHL Express: Package #948271 could not be delivered. Confirm payment of import duty customs fee immediately at http://dhl-express-duty.buzz,1
Your doctor appointment is confirmed for Thursday at 3:00 PM. Reply 1 to confirm. Thanks!,0
WHATSAPP SECURITY: YOUR WHATSAPP ACCOUNT WILL BE DELETED WITHIN 24H. SEND THE 6-DIGIT SMS VERIFICATION CODE TO VERIFY YOUR PHONE NUMBER.,1
Apple Support: Your iPhone was located near Chicago. Sign in with your Apple ID and password at http://appleid.icloud-locate.cf to view location map. Reference Case #141288.,1
Reminder: Team sprint retro begins at 10 AM tomorrow in Room 4B. Thanks!,0
"Hi there, your flight aa104 is on schedule, boarding at gate b22.",0
Your doctor appointment is confirmed for Thursday at 3:00 PM. Reply 1 to confirm. Thanks!,0
"Hi mom, I just arrived safely at the hotel. Talk to you tonight! Thanks!",0
"EARN $500 TO $2,000 DAILY WORKING FROM HOME! GUARANTEED RETURN ON CRYPTO INVESTMENT. DEPOSIT 0.05 BTC TO DOUBLE YOUR MONEY IN 24 HOURS.",1
USPS: Your delivery package is on hold due to incorrect address. Pay $1.99 redelivery fee at http://usps-redelivery-support.click to avoid package return. Reference Case #510654.,1
Your doctor appointment is confirmed for Thursday at 3:00 PM. Reply 1 to confirm. Thanks!,0
Thank you for dining with us! Here is your e-receipt for $24.50. Ref ID: #3551,0
Thank you for dining with us! Here is your e-receipt for $24.50. Ref ID: #5844,0
"The weather forecast says it will rain this evening, remember to bring an umbrella. Thanks!",0
"Hey, are we still meeting for lunch at 12:30 pm today?",0
DHL Express: Package #948271 could not be delivered. Confirm payment of import duty customs fee immediately at http://dhl-express-duty.buzz,1
"URGENT: WE DETECTED AN UNAUTHORIZED WIRE TRANSFER OF $2,490 FROM YOUR CHASE ACCOUNT. CLICK HTTP://CHASE-FRAUD-PREVENTION.LIVE IMMEDIATELY TO CANCEL TRANSFER.",1
"Hi there, happy birthday! hope you have a wonderful celebration with family and friends!",0
Your subscription renews automatically on Nov 15 for $9.99/mo.,0
URGENT NOTICE [244]: URGENT: Your Bank of America debit card has been SUSPENDED due to suspicious activity. Click http://192.168.1.1/bofa-verify to unlock your card within 2 hours!,1
Hey! Can you send me the lecture notes from today's machine learning class? Thanks!,0
Your doctor appointment is confirmed for Thursday at 3:00 PM. Reply 1 to confirm.,0
Happy Birthday! Hope you have a wonderful celebration with family and friends! Ref ID: #3618,0
FINAL NOTICE: IRS has filed a lawsuit against you for tax evasion. Call immediately at 1-800-555-0199 or police will be dispatched to your location.,1
Reminder: Team sprint retro begins at 10 AM tomorrow in Room 4B. Ref ID: #7576,0
Please find the meeting notes and action items from our earlier call. Ref ID: #3467,0
Apple Support: Your iPhone was located near Chicago. Sign in with your Apple ID and password at http://appleid.icloud-locate.cf to view location map.,1
DHL Express: Package #948271 could not be delivered. Confirm payment of import duty customs fee immediately at http://dhl-express-duty.buzz Reference Case #649161.,1
Reminder: Team sprint retro begins at 10 AM tomorrow in Room 4B. Thanks!,0
Reminder: Team sprint retro begins at 10 AM tomorrow in Room 4B. Ref ID: #3698,0
"Hi there, your package from amazon was delivered to your front porch.",0
"URGENT: We detected an unauthorized wire transfer of $2,490 from your Chase account. Click http://chase-fraud-prevention.live immediately to cancel transfer.",1
Your verification code is 482910. Do not share this with anyone. Expires in 10 mins. Thanks!,0
"Dear Customer, your Netflix subscription expired. Please update your billing credit card information at http://netflix-billing-resolve.top to prevent account cancellation.",1
URGENT NOTICE [394]: WhatsApp Security: Your WhatsApp account will be deleted within 24h. Send the 6-digit SMS verification code to verify your phone number.,1
"URGENT NOTICE [830]: Dear Customer, your Netflix subscription expired. Please update your billing credit card information at http://netflix-billing-resolve.top to prevent account cancellation.",1
"Hi there, hi mom, i just arrived safely at the hotel. talk to you tonight!",0
"Congratulations! You won the $1,500,000 international lottery! Send your bank details and $200 processing fee via Western Union to claim your prize now. Reference Case #876907.",1
Please find the meeting notes and action items from our earlier call. Thanks!,0
"Hi mom, I just arrived safely at the hotel. Talk to you tonight! Ref ID: #2675",0
Hey! Can you send me the lecture notes from today's machine learning class? Ref ID: #2996,0
"Earn $500 to $2,000 daily working from home! Guaranteed return on crypto investment. Deposit 0.05 BTC to double your money in 24 hours.",1
WhatsApp Security: Your WhatsApp account will be deleted within 24h. Send the 6-digit SMS verification code to verify your phone number. Reference Case #608842.,1
Happy Birthday! Hope you have a wonderful celebration with family and friends! Ref ID: #6810,0
"The weather forecast says it will rain this evening, remember to bring an umbrella. Thanks!",0
ATTENTION: Your Wells Fargo account has been locked. Enter your OTP and debit card PIN at http://wellsfargo.verify-id.work to restore access. Reference Case #214057.,1
"Hi there, your verification code is 482910. do not share this with anyone. expires in 10 mins.",0
URGENT: YOUR BANK OF AMERICA DEBIT CARD HAS BEEN SUSPENDED DUE TO SUSPICIOUS ACTIVITY. CLICK HTTP://192.168.1.1/BOFA-VERIFY TO UNLOCK YOUR CARD WITHIN 2 HOURS!,1
WHATSAPP SECURITY: YOUR WHATSAPP ACCOUNT WILL BE DELETED WITHIN 24H. SEND THE 6-DIGIT SMS VERIFICATION CODE TO VERIFY YOUR PHONE NUMBER.,1
USPS: YOUR DELIVERY PACKAGE IS ON HOLD DUE TO INCORRECT ADDRESS. PAY $1.99 REDELIVERY FEE AT HTTP://USPS-REDELIVERY-SUPPORT.CLICK TO AVOID PACKAGE RETURN.,1
USPS: YOUR DELIVERY PACKAGE IS ON HOLD DUE TO INCORRECT ADDRESS. PAY $1.99 REDELIVERY FEE AT HTTP://USPS-REDELIVERY-SUPPORT.CLICK TO AVOID PACKAGE RETURN.,1
URGENT: Your Bank of America debit card has been SUSPENDED due to suspicious activity. Click http://192.168.1.1/bofa-verify to unlock your card within 2 hours! Reference Case #961412.,1
Attached is the weekly project status report for your review. Ref ID: #1890,0
"The weather forecast says it will rain this evening, remember to bring an umbrella.",0
Your doctor appointment is confirmed for Thursday at 3:00 PM. Reply 1 to confirm. Ref ID: #4392,0
URGENT: Your Bank of America debit card has been SUSPENDED due to suspicious activity. Click http://192.168.1.1/bofa-verify to unlock your card within 2 hours! Reference Case #103205.,1
"Hi there, your verification code is 482910. do not share this with anyone. expires in 10 mins.",0
"SECURITY ALERT: UNUSUAL LOGIN DETECTED ON YOUR PAYPAL ACCOUNT FROM RUSSIA. IF THIS WASN'T YOU, VERIFY YOUR IDENTITY IMMEDIATELY AT HTTP://PAYPAL.SECURITY-UPDATE.XYZ/LOGIN",1
APPLE SUPPORT: YOUR IPHONE WAS LOCATED NEAR CHICAGO. SIGN IN WITH YOUR APPLE ID AND PASSWORD AT HTTP://APPLEID.ICLOUD-LOCATE.CF TO VIEW LOCATION MAP.,1
Your subscription renews automatically on Nov 15 for $9.99/mo.,0
"CONGRATULATIONS! YOU WON THE $1,500,000 INTERNATIONAL LOTTERY! SEND YOUR BANK DETAILS AND $200 PROCESSING FEE VIA WESTERN UNION TO CLAIM YOUR PRIZE NOW.",1
FINAL NOTICE: IRS has filed a lawsuit against you for tax evasion. Call immediately at 1-800-555-0199 or police will be dispatched to your location.,1
"Security Alert: Unusual login detected on your PayPal account from Russia. If this wasn't you, verify your identity immediately at http://paypal.security-update.xyz/login Reference Case #102359.",1
"Hi there, your subscription renews automatically on nov 15 for $9.99/mo.",0
Attached is the weekly project status report for your review.,0
Your subscription renews automatically on Nov 15 for $9.99/mo.,0
Thank you for dining with us! Here is your e-receipt for $24.50. Ref ID: #2042,0
FINAL NOTICE: IRS HAS FILED A LAWSUIT AGAINST YOU FOR TAX EVASION. CALL IMMEDIATELY AT 1-800-555-0199 OR POLICE WILL BE DISPATCHED TO YOUR LOCATION.,1
"Hi there, your package from amazon was delivered to your front porch.",0
Thank you for dining with us! Here is your e-receipt for $24.50.,0
"Hi there, hey! can you send me the lecture notes from today's machine learning class?",0
URGENT: Your Bank of America debit card has been SUSPENDED due to suspicious activity. Click http://192.168.1.1/bofa-verify to unlock your card within 2 hours!,1
"Hi there, hey, are we still meeting for lunch at 12:30 pm today?",0
"Earn $500 to $2,000 daily working from home! Guaranteed return on crypto investment. Deposit 0.05 BTC to double your money in 24 hours.",1
URGENT NOTICE [587]: URGENT: Your Bank of America debit card has been SUSPENDED due to suspicious activity. Click http://192.168.1.1/bofa-verify to unlock your card within 2 hours!,1
DHL EXPRESS: PACKAGE #948271 COULD NOT BE DELIVERED. CONFIRM PAYMENT OF IMPORT DUTY CUSTOMS FEE IMMEDIATELY AT HTTP://DHL-EXPRESS-DUTY.BUZZ,1
ATTENTION: YOUR WELLS FARGO ACCOUNT HAS BEEN LOCKED. ENTER YOUR OTP AND DEBIT CARD PIN AT HTTP://WELLSFARGO.VERIFY-ID.WORK TO RESTORE ACCESS.,1
URGENT NOTICE [882]: DHL Express: Package #948271 could not be delivered. Confirm payment of import duty customs fee immediately at http://dhl-express-duty.buzz,1
WhatsApp Security: Your WhatsApp account will be deleted within 24h. Send the 6-digit SMS verification code to verify your phone number. Reference Case #556333.,1
Please find the meeting notes and action items from our earlier call. Ref ID: #8955,0
Please find the meeting notes and action items from our earlier call.,0
"The weather forecast says it will rain this evening, remember to bring an umbrella. Thanks!",0
"Dear Customer, your Netflix subscription expired. Please update your billing credit card information at http://netflix-billing-resolve.top to prevent account cancellation.",1
FINAL NOTICE: IRS HAS FILED A LAWSUIT AGAINST YOU FOR TAX EVASION. CALL IMMEDIATELY AT 1-800-555-0199 OR POLICE WILL BE DISPATCHED TO YOUR LOCATION.,1
URGENT: YOUR BANK OF AMERICA DEBIT CARD HAS BEEN SUSPENDED DUE TO SUSPICIOUS ACTIVITY. CLICK HTTP://192.168.1.1/BOFA-VERIFY TO UNLOCK YOUR CARD WITHIN 2 HOURS!,1
"The weather forecast says it will rain this evening, remember to bring an umbrella. Thanks!",0
"Dear Customer, your Netflix subscription expired. Please update your billing credit card information at http://netflix-billing-resolve.top to prevent account cancellation. Reference Case #366229.",1
"Hi there, your verification code is 482910. do not share this with anyone. expires in 10 mins.",0
URGENT: YOUR BANK OF AMERICA DEBIT CARD HAS BEEN SUSPENDED DUE TO SUSPICIOUS ACTIVITY. CLICK HTTP://192.168.1.1/BOFA-VERIFY TO UNLOCK YOUR CARD WITHIN 2 HOURS!,1
"URGENT: We detected an unauthorized wire transfer of $2,490 from your Chase account. Click http://chase-fraud-prevention.live immediately to cancel transfer. Reference Case #947322.",1
WHATSAPP SECURITY: YOUR WHATSAPP ACCOUNT WILL BE DELETED WITHIN 24H. SEND THE 6-DIGIT SMS VERIFICATION CODE TO VERIFY YOUR PHONE NUMBER.,1
Your doctor appointment is confirmed for Thursday at 3:00 PM. Reply 1 to confirm. Thanks!,0
USPS: Your delivery package is on hold due to incorrect address. Pay $1.99 redelivery fee at http://usps-redelivery-support.click to avoid package return.,1
Your package from Amazon was delivered to your front porch. Ref ID: #6798,0
URGENT NOTICE [214]: URGENT: Your Bank of America debit card has been SUSPENDED due to suspicious activity. Click http://192.168.1.1/bofa-verify to unlock your card within 2 hours!,1
"Hey, are we still meeting for lunch at 12:30 pm today? Ref ID: #1691",0
URGENT: Your Bank of America debit card has been SUSPENDED due to suspicious activity. Click http://192.168.1.1/bofa-verify to unlock your card within 2 hours!,1
"Congratulations! You won the $1,500,000 international lottery! Send your bank details and $200 processing fee via Western Union to claim your prize now.",1
Thank you for dining with us! Here is your e-receipt for $24.50. Ref ID: #5675,0
Hey! Can you send me the lecture notes from today's machine learning class? Thanks!,0
Reminder: Team sprint retro begins at 10 AM tomorrow in Room 4B. Thanks!,0
Your doctor appointment is confirmed for Thursday at 3:00 PM. Reply 1 to confirm. Ref ID: #5916,0
"URGENT NOTICE [883]: Security Alert: Unusual login detected on your PayPal account from Russia. If this wasn't you, verify your identity immediately at http://paypal.security-update.xyz/login",1
"URGENT NOTICE [956]: Dear Customer, your Netflix subscription expired. Please update your billing credit card information at http://netflix-billing-resolve.top to prevent account cancellation.",1
Attached is the weekly project status report for your review. Ref ID: #6219,0
Your subscription renews automatically on Nov 15 for $9.99/mo.,0
Apple Support: Your iPhone was located near Chicago. Sign in with your Apple ID and password at http://appleid.icloud-locate.cf to view location map.,1
"URGENT: We detected an unauthorized wire transfer of $2,490 from your Chase account. Click http://chase-fraud-prevention.live immediately to cancel transfer. Reference Case #187008.",1
Please find the meeting notes and action items from our earlier call.,0
USPS: Your delivery package is on hold due to incorrect address. Pay $1.99 redelivery fee at http://usps-redelivery-support.click to avoid package return.,1
"Hi there, hi mom, i just arrived safely at the hotel. talk to you tonight!",0
"Hi there, hey, are we still meeting for lunch at 12:30 pm today?",0
"URGENT: We detected an unauthorized wire transfer of $2,490 from your Chase account. Click http://chase-fraud-prevention.live immediately to cancel transfer.",1
"URGENT NOTICE [236]: Earn $500 to $2,000 daily working from home! Guaranteed return on crypto investment. Deposit 0.05 BTC to double your money in 24 hours.",1
Your doctor appointment is confirmed for Thursday at 3:00 PM. Reply 1 to confirm. Ref ID: #2112,0
URGENT NOTICE [256]: ATTENTION: Your Wells Fargo account has been locked. Enter your OTP and debit card PIN at http://wellsfargo.verify-id.work to restore access.,1
"Your flight AA104 is on schedule, boarding at gate B22. Thanks!",0
"Earn $500 to $2,000 daily working from home! Guaranteed return on crypto investment. Deposit 0.05 BTC to double your money in 24 hours. Reference Case #658049.",1
Your subscription renews automatically on Nov 15 for $9.99/mo.,0
ATTENTION: Your Wells Fargo account has been locked. Enter your OTP and debit card PIN at http://wellsfargo.verify-id.work to restore access.,1
Happy Birthday! Hope you have a wonderful celebration with family and friends! Ref ID: #7270,0
Happy Birthday! Hope you have a wonderful celebration with family and friends!,0
Please find the meeting notes and action items from our earlier call. Ref ID: #3908,0
Your verification code is 482910. Do not share this with anyone. Expires in 10 mins.,0
"Hi there, hey, are we still meeting for lunch at 12:30 pm today?",0
Thank you for dining with us! Here is your e-receipt for $24.50. Ref ID: #7778,0
FINAL NOTICE: IRS has filed a lawsuit against you for tax evasion. Call immediately at 1-800-555-0199 or police will be dispatched to your location.,1
Your subscription renews automatically on Nov 15 for $9.99/mo. Ref ID: #2153,0
"Congratulations! You won the $1,500,000 international lottery! Send your bank details and $200 processing fee via Western Union to claim your prize now.",1
URGENT: Your Bank of America debit card has been SUSPENDED due to suspicious activity. Click http://192.168.1.1/bofa-verify to unlock your card within 2 hours! Reference Case #897962.,1
Your verification code is 482910. Do not share this with anyone. Expires in 10 mins.,0
"Hi there, hey! can you send me the lecture notes from today's machine learning class?",0
Attached is the weekly project status report for your review. Ref ID: #7259,0
"Hi there, thank you for dining with us! here is your e-receipt for $24.50.",0
Your doctor appointment is confirmed for Thursday at 3:00 PM. Reply 1 to confirm. Thanks!,0
Hey! Can you send me the lecture notes from today's machine learning class? Ref ID: #4240,0
Your doctor appointment is confirmed for Thursday at 3:00 PM. Reply 1 to confirm.,0
APPLE SUPPORT: YOUR IPHONE WAS LOCATED NEAR CHICAGO. SIGN IN WITH YOUR APPLE ID AND PASSWORD AT HTTP://APPLEID.ICLOUD-LOCATE.CF TO VIEW LOCATION MAP.,1
"Hi there, your doctor appointment is confirmed for thursday at 3:00 pm. reply 1 to confirm.",0
"Hi there, the weather forecast says it will rain this evening, remember to bring an umbrella.",0
"Congratulations! You won the $1,500,000 international lottery! Send your bank details and $200 processing fee via Western Union to claim your prize now.",1
"EARN $500 TO $2,000 DAILY WORKING FROM HOME! GUARANTEED RETURN ON CRYPTO INVESTMENT. DEPOSIT 0.05 BTC TO DOUBLE YOUR MONEY IN 24 HOURS.",1
"Hi there, your subscription renews automatically on nov 15 for $9.99/mo.",0
Your subscription renews automatically on Nov 15 for $9.99/mo. Thanks!,0
"CONGRATULATIONS! YOU WON THE $1,500,000 INTERNATIONAL LOTTERY! SEND YOUR BANK DETAILS AND $200 PROCESSING FEE VIA WESTERN UNION TO CLAIM YOUR PRIZE NOW.",1
Your package from Amazon was delivered to your front porch. Thanks!,0
"URGENT: We detected an unauthorized wire transfer of $2,490 from your Chase account. Click http://chase-fraud-prevention.live immediately to cancel transfer. Reference Case #490192.",1
ATTENTION: YOUR WELLS FARGO ACCOUNT HAS BEEN LOCKED. ENTER YOUR OTP AND DEBIT CARD PIN AT HTTP://WELLSFARGO.VERIFY-ID.WORK TO RESTORE ACCESS.,1
URGENT NOTICE [754]: Apple Support: Your iPhone was located near Chicago. Sign in with your Apple ID and password at http://appleid.icloud-locate.cf to view location map.,1
"SECURITY ALERT: UNUSUAL LOGIN DETECTED ON YOUR PAYPAL ACCOUNT FROM RUSSIA. IF THIS WASN'T YOU, VERIFY YOUR IDENTITY IMMEDIATELY AT HTTP://PAYPAL.SECURITY-UPDATE.XYZ/LOGIN",1
USPS: YOUR DELIVERY PACKAGE IS ON HOLD DUE TO INCORRECT ADDRESS. PAY $1.99 REDELIVERY FEE AT HTTP://USPS-REDELIVERY-SUPPORT.CLICK TO AVOID PACKAGE RETURN.,1
"URGENT NOTICE [823]: Earn $500 to $2,000 daily working from home! Guaranteed return on crypto investment. Deposit 0.05 BTC to double your money in 24 hours.",1
Your verification code is 482910. Do not share this with anyone. Expires in 10 mins.,0
"Hi there, reminder: team sprint retro begins at 10 am tomorrow in room 4b.",0
"Hi there, your package from amazon was delivered to your front porch.",0
FINAL NOTICE: IRS has filed a lawsuit against you for tax evasion. Call immediately at 1-800-555-0199 or police will be dispatched to your location.,1
"URGENT: We detected an unauthorized wire transfer of $2,490 from your Chase account. Click http://chase-fraud-prevention.live immediately to cancel transfer. Reference Case #599508.",1
"URGENT NOTICE [944]: Security Alert: Unusual login detected on your PayPal account from Russia. If this wasn't you, verify your identity immediately at http://paypal.security-update.xyz/login",1
"EARN $500 TO $2,000 DAILY WORKING FROM HOME! GUARANTEED RETURN ON CRYPTO INVESTMENT. DEPOSIT 0.05 BTC TO DOUBLE YOUR MONEY IN 24 HOURS.",1
"Hey team, the latest code PR has been reviewed and merged into main branch.",0
APPLE SUPPORT: YOUR IPHONE WAS LOCATED NEAR CHICAGO. SIGN IN WITH YOUR APPLE ID AND PASSWORD AT HTTP://APPLEID.ICLOUD-LOCATE.CF TO VIEW LOCATION MAP.,1
"Hey, are we still meeting for lunch at 12:30 pm today? Thanks!",0
Attached is the weekly project status report for your review.,0
"Hi mom, I just arrived safely at the hotel. Talk to you tonight!",0
"Congratulations! You won the $1,500,000 international lottery! Send your bank details and $200 processing fee via Western Union to claim your prize now. Reference Case #662146.",1
URGENT NOTICE [167]: WhatsApp Security: Your WhatsApp account will be deleted within 24h. Send the 6-digit SMS verification code to verify your phone number.,1
WHATSAPP SECURITY: YOUR WHATSAPP ACCOUNT WILL BE DELETED WITHIN 24H. SEND THE 6-DIGIT SMS VERIFICATION CODE TO VERIFY YOUR PHONE NUMBER.,1
"URGENT NOTICE [270]: Security Alert: Unusual login detected on your PayPal account from Russia. If this wasn't you, verify your identity immediately at http://paypal.security-update.xyz/login",1
"Hi mom, I just arrived safely at the hotel. Talk to you tonight!",0
Please find the meeting notes and action items from our earlier call. Thanks!,0
Thank you for dining with us! Here is your e-receipt for $24.50. Ref ID: #3639,0
URGENT NOTICE [613]: URGENT: Your Bank of America debit card has been SUSPENDED due to suspicious activity. Click http://192.168.1.1/bofa-verify to unlock your card within 2 hours!,1
"EARN $500 TO $2,000 DAILY WORKING FROM HOME! GUARANTEED RETURN ON CRYPTO INVESTMENT. DEPOSIT 0.05 BTC TO DOUBLE YOUR MONEY IN 24 HOURS.",1
Attached is the weekly project status report for your review.,0
"Hey, are we still meeting for lunch at 12:30 pm today? Thanks!",0
"Security Alert: Unusual login detected on your PayPal account from Russia. If this wasn't you, verify your identity immediately at http://paypal.security-update.xyz/login Reference Case #546955.",1
APPLE SUPPORT: YOUR IPHONE WAS LOCATED NEAR CHICAGO. SIGN IN WITH YOUR APPLE ID AND PASSWORD AT HTTP://APPLEID.ICLOUD-LOCATE.CF TO VIEW LOCATION MAP.,1
"URGENT: We detected an unauthorized wire transfer of $2,490 from your Chase account. Click http://chase-fraud-prevention.live immediately to cancel transfer.",1
"Your flight AA104 is on schedule, boarding at gate B22. Thanks!",0
Your subscription renews automatically on Nov 15 for $9.99/mo. Ref ID: #4313,0
"Congratulations! You won the $1,500,000 international lottery! Send your bank details and $200 processing fee via Western Union to claim your prize now. Reference Case #948903.",1
Your verification code is 482910. Do not share this with anyone. Expires in 10 mins. Thanks!,0
URGENT NOTICE [645]: WhatsApp Security: Your WhatsApp account will be deleted within 24h. Send the 6-digit SMS verification code to verify your phone number.,1
"Hi there, your doctor appointment is confirmed for thursday at 3:00 pm. reply 1 to confirm.",0
"URGENT: We detected an unauthorized wire transfer of $2,490 from your Chase account. Click http://chase-fraud-prevention.live immediately to cancel transfer.",1
"EARN $500 TO $2,000 DAILY WORKING FROM HOME! GUARANTEED RETURN ON CRYPTO INVESTMENT. DEPOSIT 0.05 BTC TO DOUBLE YOUR MONEY IN 24 HOURS.",1
DHL Express: Package #948271 could not be delivered. Confirm payment of import duty customs fee immediately at http://dhl-express-duty.buzz,1
"Hi there, your package from amazon was delivered to your front porch.",0
APPLE SUPPORT: YOUR IPHONE WAS LOCATED NEAR CHICAGO. SIGN IN WITH YOUR APPLE ID AND PASSWORD AT HTTP://APPLEID.ICLOUD-LOCATE.CF TO VIEW LOCATION MAP.,1
"URGENT: WE DETECTED AN UNAUTHORIZED WIRE TRANSFER OF $2,490 FROM YOUR CHASE ACCOUNT. CLICK HTTP://CHASE-FRAUD-PREVENTION.LIVE IMMEDIATELY TO CANCEL TRANSFER.",1
"URGENT NOTICE [318]: URGENT: We detected an unauthorized wire transfer of $2,490 from your Chase account. Click http://chase-fraud-prevention.live immediately to cancel transfer.",1
"Hi there, please find the meeting notes and action items from our earlier call.",0
USPS: Your delivery package is on hold due to incorrect address. Pay $1.99 redelivery fee at http://usps-redelivery-support.click to avoid package return. Reference Case #415169.,1
USPS: YOUR DELIVERY PACKAGE IS ON HOLD DUE TO INCORRECT ADDRESS. PAY $1.99 REDELIVERY FEE AT HTTP://USPS-REDELIVERY-SUPPORT.CLICK TO AVOID PACKAGE RETURN.,1
Your verification code is 482910. Do not share this with anyone. Expires in 10 mins. Ref ID: #8617,0
Reminder: Team sprint retro begins at 10 AM tomorrow in Room 4B.,0
"URGENT NOTICE [354]: Dear Customer, your Netflix subscription expired. Please update your billing credit card information at http://netflix-billing-resolve.top to prevent account cancellation.",1
Your verification code is 482910. Do not share this with anyone. Expires in 10 mins. Ref ID: #2064,0
Your doctor appointment is confirmed for Thursday at 3:00 PM. Reply 1 to confirm. Ref ID: #2104,0
"The weather forecast says it will rain this evening, remember to bring an umbrella. Thanks!",0
Reminder: Team sprint retro begins at 10 AM tomorrow in Room 4B.,0
Apple Support: Your iPhone was located near Chicago. Sign in with your Apple ID and password at http://appleid.icloud-locate.cf to view location map.,1
"Hi there, your verification code is 482910. do not share this with anyone. expires in 10 mins.",0
"Hi there, your verification code is 482910. do not share this with anyone. expires in 10 mins.",0
"URGENT NOTICE [209]: URGENT: We detected an unauthorized wire transfer of $2,490 from your Chase account. Click http://chase-fraud-prevention.live immediately to cancel transfer.",1
Hey! Can you send me the lecture notes from today's machine learning class?,0
"EARN $500 TO $2,000 DAILY WORKING FROM HOME! GUARANTEED RETURN ON CRYPTO INVESTMENT. DEPOSIT 0.05 BTC TO DOUBLE YOUR MONEY IN 24 HOURS.",1
Your subscription renews automatically on Nov 15 for $9.99/mo. Ref ID: #1668,0
URGENT NOTICE [759]: FINAL NOTICE: IRS has filed a lawsuit against you for tax evasion. Call immediately at 1-800-555-0199 or police will be dispatched to your location.,1
Attached is the weekly project status report for your review.,0
Your subscription renews automatically on Nov 15 for $9.99/mo. Ref ID: #2136,0
Your subscription renews automatically on Nov 15 for $9.99/mo. Thanks!,0
"Dear Customer, your Netflix subscription expired. Please update your billing credit card information at http://netflix-billing-resolve.top to prevent account cancellation.",1
URGENT NOTICE [792]: Apple Support: Your iPhone was located near Chicago. Sign in with your Apple ID and password at http://appleid.icloud-locate.cf to view location map.,1
URGENT NOTICE [798]: WhatsApp Security: Your WhatsApp account will be deleted within 24h. Send the 6-digit SMS verification code to verify your phone number.,1
Your verification code is 482910. Do not share this with anyone. Expires in 10 mins. Ref ID: #5109,0
ATTENTION: YOUR WELLS FARGO ACCOUNT HAS BEEN LOCKED. ENTER YOUR OTP AND DEBIT CARD PIN AT HTTP://WELLSFARGO.VERIFY-ID.WORK TO RESTORE ACCESS.,1
Your subscription renews automatically on Nov 15 for $9.99/mo.,0
Your subscription renews automatically on Nov 15 for $9.99/mo. Ref ID: #6624,0
"Hi there, attached is the weekly project status report for your review.",0
DHL Express: Package #948271 could not be delivered. Confirm payment of import duty customs fee immediately at http://dhl-express-duty.buzz Reference Case #774387.,1
"CONGRATULATIONS! YOU WON THE $1,500,000 INTERNATIONAL LOTTERY! SEND YOUR BANK DETAILS AND $200 PROCESSING FEE VIA WESTERN UNION TO CLAIM YOUR PRIZE NOW.",1
"URGENT NOTICE [651]: Earn $500 to $2,000 daily working from home! Guaranteed return on crypto investment. Deposit 0.05 BTC to double your money in 24 hours.",1
"URGENT: WE DETECTED AN UNAUTHORIZED WIRE TRANSFER OF $2,490 FROM YOUR CHASE ACCOUNT. CLICK HTTP://CHASE-FRAUD-PREVENTION.LIVE IMMEDIATELY TO CANCEL TRANSFER.",1
"Hey, are we still meeting for lunch at 12:30 pm today?",0
"Hi there, thank you for dining with us! here is your e-receipt for $24.50.",0
"Hi there, thank you for dining with us! here is your e-receipt for $24.50.",0
Thank you for dining with us! Here is your e-receipt for $24.50. Thanks!,0
"Hi there, hey team, the latest code pr has been reviewed and merged into main branch.",0
Thank you for dining with us! Here is your e-receipt for $24.50. Thanks!,0
"Hi mom, I just arrived safely at the hotel. Talk to you tonight! Ref ID: #3080",0
URGENT NOTICE [202]: WhatsApp Security: Your WhatsApp account will be deleted within 24h. Send the 6-digit SMS verification code to verify your phone number.,1
DHL EXPRESS: PACKAGE #948271 COULD NOT BE DELIVERED. CONFIRM PAYMENT OF IMPORT DUTY CUSTOMS FEE IMMEDIATELY AT HTTP://DHL-EXPRESS-DUTY.BUZZ,1
DHL EXPRESS: PACKAGE #948271 COULD NOT BE DELIVERED. CONFIRM PAYMENT OF IMPORT DUTY CUSTOMS FEE IMMEDIATELY AT HTTP://DHL-EXPRESS-DUTY.BUZZ,1
"Your flight AA104 is on schedule, boarding at gate B22. Thanks!",0
URGENT NOTICE [721]: Apple Support: Your iPhone was located near Chicago. Sign in with your Apple ID and password at http://appleid.icloud-locate.cf to view location map.,1
Hey! Can you send me the lecture notes from today's machine learning class? Ref ID: #5148,0
ATTENTION: Your Wells Fargo account has been locked. Enter your OTP and debit card PIN at http://wellsfargo.verify-id.work to restore access.,1
FINAL NOTICE: IRS HAS FILED A LAWSUIT AGAINST YOU FOR TAX EVASION. CALL IMMEDIATELY AT 1-800-555-0199 OR POLICE WILL BE DISPATCHED TO YOUR LOCATION.,1
"Hi there, your flight aa104 is on schedule, boarding at gate b22.",0
"Hi there, reminder: team sprint retro begins at 10 am tomorrow in room 4b.",0
"EARN $500 TO $2,000 DAILY WORKING FROM HOME! GUARANTEED RETURN ON CRYPTO INVESTMENT. DEPOSIT 0.05 BTC TO DOUBLE YOUR MONEY IN 24 HOURS.",1
Your subscription renews automatically on Nov 15 for $9.99/mo. Thanks!,0
URGENT NOTICE [870]: ATTENTION: Your Wells Fargo account has been locked. Enter your OTP and debit card PIN at http://wellsfargo.verify-id.work to restore access.,1
URGENT NOTICE [105]: ATTENTION: Your Wells Fargo account has been locked. Enter your OTP and debit card PIN at http://wellsfargo.verify-id.work to restore access.,1
ATTENTION: Your Wells Fargo account has been locked. Enter your OTP and debit card PIN at http://wellsfargo.verify-id.work to restore access. Reference Case #353781.,1
Your package from Amazon was delivered to your front porch. Thanks!,0
URGENT NOTICE [476]: ATTENTION: Your Wells Fargo account has been locked. Enter your OTP and debit card PIN at http://wellsfargo.verify-id.work to restore access.,1
Apple Support: Your iPhone was located near Chicago. Sign in with your Apple ID and password at http://appleid.icloud-locate.cf to view location map. Reference Case #569320.,1
Thank you for dining with us! Here is your e-receipt for $24.50. Ref ID: #6900,0
APPLE SUPPORT: YOUR IPHONE WAS LOCATED NEAR CHICAGO. SIGN IN WITH YOUR APPLE ID AND PASSWORD AT HTTP://APPLEID.ICLOUD-LOCATE.CF TO VIEW LOCATION MAP.,1
URGENT: Your Bank of America debit card has been SUSPENDED due to suspicious activity. Click http://192.168.1.1/bofa-verify to unlock your card within 2 hours!,1
"URGENT: We detected an unauthorized wire transfer of $2,490 from your Chase account. Click http://chase-fraud-prevention.live immediately to cancel transfer. Reference Case #773262.",1
"Hi there, your doctor appointment is confirmed for thursday at 3:00 pm. reply 1 to confirm.",0
Hey! Can you send me the lecture notes from today's machine learning class?,0
Your verification code is 482910. Do not share this with anyone. Expires in 10 mins. Thanks!,0
"Hi there, your subscription renews automatically on nov 15 for $9.99/mo.",0
URGENT NOTICE [712]: FINAL NOTICE: IRS has filed a lawsuit against you for tax evasion. Call immediately at 1-800-555-0199 or police will be dispatched to your location.,1
"Hi there, your verification code is 482910. do not share this with anyone. expires in 10 mins.",0
USPS: Your delivery package is on hold due to incorrect address. Pay $1.99 redelivery fee at http://usps-redelivery-support.click to avoid package return. Reference Case #531097.,1
URGENT: Your Bank of America debit card has been SUSPENDED due to suspicious activity. Click http://192.168.1.1/bofa-verify to unlock your card within 2 hours! Reference Case #525642.,1
ATTENTION: YOUR WELLS FARGO ACCOUNT HAS BEEN LOCKED. ENTER YOUR OTP AND DEBIT CARD PIN AT HTTP://WELLSFARGO.VERIFY-ID.WORK TO RESTORE ACCESS.,1
Your package from Amazon was delivered to your front porch.,0
Reminder: Team sprint retro begins at 10 AM tomorrow in Room 4B. Thanks!,0
URGENT NOTICE [906]: USPS: Your delivery package is on hold due to incorrect address. Pay $1.99 redelivery fee at http://usps-redelivery-support.click to avoid package return.,1
APPLE SUPPORT: YOUR IPHONE WAS LOCATED NEAR CHICAGO. SIGN IN WITH YOUR APPLE ID AND PASSWORD AT HTTP://APPLEID.ICLOUD-LOCATE.CF TO VIEW LOCATION MAP.,1
Apple Support: Your iPhone was located near Chicago. Sign in with your Apple ID and password at http://appleid.icloud-locate.cf to view location map.,1
URGENT NOTICE [591]: USPS: Your delivery package is on hold due to incorrect address. Pay $1.99 redelivery fee at http://usps-redelivery-support.click to avoid package return.,1
DHL Express: Package #948271 could not be delivered. Confirm payment of import duty customs fee immediately at http://dhl-express-duty.buzz,1
"Congratulations! You won the $1,500,000 international lottery! Send your bank details and $200 processing fee via Western Union to claim your prize now. Reference Case #150692.",1
"Hi there, please find the meeting notes and action items from our earlier call.",0
"Your flight AA104 is on schedule, boarding at gate B22. Ref ID: #1786",0
"URGENT NOTICE [148]: Congratulations! You won the $1,500,000 international lottery! Send your bank details and $200 processing fee via Western Union to claim your prize now.",1
URGENT: YOUR BANK OF AMERICA DEBIT CARD HAS BEEN SUSPENDED DUE TO SUSPICIOUS ACTIVITY. CLICK HTTP://192.168.1.1/BOFA-VERIFY TO UNLOCK YOUR CARD WITHIN 2 HOURS!,1
"Hi there, your doctor appointment is confirmed for thursday at 3:00 pm. reply 1 to confirm.",0
"Hi there, your subscription renews automatically on nov 15 for $9.99/mo.",0
URGENT NOTICE [176]: ATTENTION: Your Wells Fargo account has been locked. Enter your OTP and debit card PIN at http://wellsfargo.verify-id.work to restore access.,1
"The weather forecast says it will rain this evening, remember to bring an umbrella. Ref ID: #8813",0
"Hey team, the latest code PR has been reviewed and merged into main branch.",0
"URGENT NOTICE [784]: Security Alert: Unusual login detected on your PayPal account from Russia. If this wasn't you, verify your identity immediately at http://paypal.security-update.xyz/login",1
ATTENTION: Your Wells Fargo account has been locked. Enter your OTP and debit card PIN at http://wellsfargo.verify-id.work to restore access.,1
URGENT NOTICE [204]: URGENT: Your Bank of America debit card has been SUSPENDED due to suspicious activity. Click http://192.168.1.1/bofa-verify to unlock your card within 2 hours!,1
"URGENT: WE DETECTED AN UNAUTHORIZED WIRE TRANSFER OF $2,490 FROM YOUR CHASE ACCOUNT. CLICK HTTP://CHASE-FRAUD-PREVENTION.LIVE IMMEDIATELY TO CANCEL TRANSFER.",1
USPS: Your delivery package is on hold due to incorrect address. Pay $1.99 redelivery fee at http://usps-redelivery-support.click to avoid package return. Reference Case #624773.,1
Apple Support: Your iPhone was located near Chicago. Sign in with your Apple ID and password at http://appleid.icloud-locate.cf to view location map.,1
Your doctor appointment is confirmed for Thursday at 3:00 PM. Reply 1 to confirm. Thanks!,0
"URGENT NOTICE [947]: Dear Customer, your Netflix subscription expired. Please update your billing credit card information at http://netflix-billing-resolve.top to prevent account cancellation.",1
URGENT NOTICE [785]: DHL Express: Package #948271 could not be delivered. Confirm payment of import duty customs fee immediately at http://dhl-express-duty.buzz,1
FINAL NOTICE: IRS HAS FILED A LAWSUIT AGAINST YOU FOR TAX EVASION. CALL IMMEDIATELY AT 1-800-555-0199 OR POLICE WILL BE DISPATCHED TO YOUR LOCATION.,1
URGENT: YOUR BANK OF AMERICA DEBIT CARD HAS BEEN SUSPENDED DUE TO SUSPICIOUS ACTIVITY. CLICK HTTP://192.168.1.1/BOFA-VERIFY TO UNLOCK YOUR CARD WITHIN 2 HOURS!,1
"Security Alert: Unusual login detected on your PayPal account from Russia. If this wasn't you, verify your identity immediately at http://paypal.security-update.xyz/login Reference Case #615753.",1
"Hey, are we still meeting for lunch at 12:30 pm today?",0
Hey! Can you send me the lecture notes from today's machine learning class? Thanks!,0
ATTENTION: YOUR WELLS FARGO ACCOUNT HAS BEEN LOCKED. ENTER YOUR OTP AND DEBIT CARD PIN AT HTTP://WELLSFARGO.VERIFY-ID.WORK TO RESTORE ACCESS.,1
Your verification code is 482910. Do not share this with anyone. Expires in 10 mins. Ref ID: #4267,0
Your verification code is 482910. Do not share this with anyone. Expires in 10 mins. Thanks!,0
URGENT NOTICE [537]: DHL Express: Package #948271 could not be delivered. Confirm payment of import duty customs fee immediately at http://dhl-express-duty.buzz,1
"Hi there, happy birthday! hope you have a wonderful celebration with family and friends!",0
"Hey team, the latest code PR has been reviewed and merged into main branch. Thanks!",0
"URGENT NOTICE [948]: Security Alert: Unusual login detected on your PayPal account from Russia. If this wasn't you, verify your identity immediately at http://paypal.security-update.xyz/login",1
"Dear Customer, your Netflix subscription expired. Please update your billing credit card information at http://netflix-billing-resolve.top to prevent account cancellation. Reference Case #839935.",1
DHL Express: Package #948271 could not be delivered. Confirm payment of import duty customs fee immediately at http://dhl-express-duty.buzz Reference Case #556481.,1
"Hi there, your verification code is 482910. do not share this with anyone. expires in 10 mins.",0
FINAL NOTICE: IRS has filed a lawsuit against you for tax evasion. Call immediately at 1-800-555-0199 or police will be dispatched to your location. Reference Case #144590.,1
DHL Express: Package #948271 could not be delivered. Confirm payment of import duty customs fee immediately at http://dhl-express-duty.buzz Reference Case #615998.,1
"Hi there, hey team, the latest code pr has been reviewed and merged into main branch.",0
Your subscription renews automatically on Nov 15 for $9.99/mo. Ref ID: #6634,0
"Hi there, attached is the weekly project status report for your review.",0
"Congratulations! You won the $1,500,000 international lottery! Send your bank details and $200 processing fee via Western Union to claim your prize now. Reference Case #181114.",1
"URGENT NOTICE [340]: Congratulations! You won the $1,500,000 international lottery! Send your bank details and $200 processing fee via Western Union to claim your prize now.",1
WhatsApp Security: Your WhatsApp account will be deleted within 24h. Send the 6-digit SMS verification code to verify your phone number. Reference Case #416640.,1
"Hi there, please find the meeting notes and action items from our earlier call.",0
"The weather forecast says it will rain this evening, remember to bring an umbrella. Ref ID: #1401",0
URGENT NOTICE [203]: URGENT: Your Bank of America debit card has been SUSPENDED due to suspicious activity. Click http://192.168.1.1/bofa-verify to unlock your card within 2 hours!,1
"Security Alert: Unusual login detected on your PayPal account from Russia. If this wasn't you, verify your identity immediately at http://paypal.security-update.xyz/login Reference Case #514708.",1
"Hi there, attached is the weekly project status report for your review.",0
"Hi there, hey, are we still meeting for lunch at 12:30 pm today?",0
"URGENT: We detected an unauthorized wire transfer of $2,490 from your Chase account. Click http://chase-fraud-prevention.live immediately to cancel transfer.",1
APPLE SUPPORT: YOUR IPHONE WAS LOCATED NEAR CHICAGO. SIGN IN WITH YOUR APPLE ID AND PASSWORD AT HTTP://APPLEID.ICLOUD-LOCATE.CF TO VIEW LOCATION MAP.,1
WhatsApp Security: Your WhatsApp account will be deleted within 24h. Send the 6-digit SMS verification code to verify your phone number.,1
Your doctor appointment is confirmed for Thursday at 3:00 PM. Reply 1 to confirm. Ref ID: #6031,0
Hey! Can you send me the lecture notes from today's machine learning class? Ref ID: #7844,0
WhatsApp Security: Your WhatsApp account will be deleted within 24h. Send the 6-digit SMS verification code to verify your phone number.,1
Hey! Can you send me the lecture notes from today's machine learning class? Thanks!,0
"The weather forecast says it will rain this evening, remember to bring an umbrella. Ref ID: #9308",0
"Congratulations! You won the $1,500,000 international lottery! Send your bank details and $200 processing fee via Western Union to claim your prize now.",1
Thank you for dining with us! Here is your e-receipt for $24.50. Ref ID: #2840,0
"Security Alert: Unusual login detected on your PayPal account from Russia. If this wasn't you, verify your identity immediately at http://paypal.security-update.xyz/login",1
"The weather forecast says it will rain this evening, remember to bring an umbrella.",0
ATTENTION: Your Wells Fargo account has been locked. Enter your OTP and debit card PIN at http://wellsfargo.verify-id.work to restore access.,1
"Hey team, the latest code PR has been reviewed and merged into main branch. Thanks!",0
"URGENT NOTICE [744]: Dear Customer, your Netflix subscription expired. Please update your billing credit card information at http://netflix-billing-resolve.top to prevent account cancellation.",1
Your package from Amazon was delivered to your front porch. Thanks!,0
URGENT NOTICE [225]: URGENT: Your Bank of America debit card has been SUSPENDED due to suspicious activity. Click http://192.168.1.1/bofa-verify to unlock your card within 2 hours!,1
"Hi there, hey! can you send me the lecture notes from today's machine learning class?",0
Your package from Amazon was delivered to your front porch. Ref ID: #2781,0
Please find the meeting notes and action items from our earlier call. Ref ID: #9871,0
URGENT NOTICE [529]: Apple Support: Your iPhone was located near Chicago. Sign in with your Apple ID and password at http://appleid.icloud-locate.cf to view location map.,1
"URGENT NOTICE [864]: Dear Customer, your Netflix subscription expired. Please update your billing credit card information at http://netflix-billing-resolve.top to prevent account cancellation.",1
"Hi there, the weather forecast says it will rain this evening, remember to bring an umbrella.",0
URGENT NOTICE [373]: FINAL NOTICE: IRS has filed a lawsuit against you for tax evasion. Call immediately at 1-800-555-0199 or police will be dispatched to your location.,1
URGENT NOTICE [311]: URGENT: Your Bank of America debit card has been SUSPENDED due to suspicious activity. Click http://192.168.1.1/bofa-verify to unlock your card within 2 hours!,1
"Hey, are we still meeting for lunch at 12:30 pm today? Ref ID: #4545",0
"Hi there, the weather forecast says it will rain this evening, remember to bring an umbrella.",0
URGENT NOTICE [686]: Apple Support: Your iPhone was located near Chicago. Sign in with your Apple ID and password at http://appleid.icloud-locate.cf to view location map.,1
Your verification code is 482910. Do not share this with anyone. Expires in 10 mins. Ref ID: #7797,0
"SECURITY ALERT: UNUSUAL LOGIN DETECTED ON YOUR PAYPAL ACCOUNT FROM RUSSIA. IF THIS WASN'T YOU, VERIFY YOUR IDENTITY IMMEDIATELY AT HTTP://PAYPAL.SECURITY-UPDATE.XYZ/LOGIN",1
Your verification code is 482910. Do not share this with anyone. Expires in 10 mins.,0
FINAL NOTICE: IRS has filed a lawsuit against you for tax evasion. Call immediately at 1-800-555-0199 or police will be dispatched to your location. Reference Case #299671.,1
Your package from Amazon was delivered to your front porch. Thanks!,0
"URGENT NOTICE [740]: Dear Customer, your Netflix subscription expired. Please update your billing credit card information at http://netflix-billing-resolve.top to prevent account cancellation.",1
"URGENT NOTICE [120]: Security Alert: Unusual login detected on your PayPal account from Russia. If this wasn't you, verify your identity immediately at http://paypal.security-update.xyz/login",1
"URGENT NOTICE [106]: Earn $500 to $2,000 daily working from home! Guaranteed return on crypto investment. Deposit 0.05 BTC to double your money in 24 hours.",1
"Dear Customer, your Netflix subscription expired. Please update your billing credit card information at http://netflix-billing-resolve.top to prevent account cancellation.",1
"URGENT: We detected an unauthorized wire transfer of $2,490 from your Chase account. Click http://chase-fraud-prevention.live immediately to cancel transfer.",1
DHL Express: Package #948271 could not be delivered. Confirm payment of import duty customs fee immediately at http://dhl-express-duty.buzz,1
"Security Alert: Unusual login detected on your PayPal account from Russia. If this wasn't you, verify your identity immediately at http://paypal.security-update.xyz/login",1
Please find the meeting notes and action items from our earlier call. Ref ID: #4368,0
WhatsApp Security: Your WhatsApp account will be deleted within 24h. Send the 6-digit SMS verification code to verify your phone number. Reference Case #970613.,1
"URGENT NOTICE [467]: Earn $500 to $2,000 daily working from home! Guaranteed return on crypto investment. Deposit 0.05 BTC to double your money in 24 hours.",1
"The weather forecast says it will rain this evening, remember to bring an umbrella.",0
Your verification code is 482910. Do not share this with anyone. Expires in 10 mins. Thanks!,0
"URGENT NOTICE [181]: Dear Customer, your Netflix subscription expired. Please update your billing credit card information at http://netflix-billing-resolve.top to prevent account cancellation.",1
"Hi there, hi mom, i just arrived safely at the hotel. talk to you tonight!",0
URGENT NOTICE [610]: FINAL NOTICE: IRS has filed a lawsuit against you for tax evasion. Call immediately at 1-800-555-0199 or police will be dispatched to your location.,1
"SECURITY ALERT: UNUSUAL LOGIN DETECTED ON YOUR PAYPAL ACCOUNT FROM RUSSIA. IF THIS WASN'T YOU, VERIFY YOUR IDENTITY IMMEDIATELY AT HTTP://PAYPAL.SECURITY-UPDATE.XYZ/LOGIN",1
"URGENT: We detected an unauthorized wire transfer of $2,490 from your Chase account. Click http://chase-fraud-prevention.live immediately to cancel transfer.",1
"The weather forecast says it will rain this evening, remember to bring an umbrella. Thanks!",0
FINAL NOTICE: IRS HAS FILED A LAWSUIT AGAINST YOU FOR TAX EVASION. CALL IMMEDIATELY AT 1-800-555-0199 OR POLICE WILL BE DISPATCHED TO YOUR LOCATION.,1
"URGENT NOTICE [927]: Congratulations! You won the $1,500,000 international lottery! Send your bank details and $200 processing fee via Western Union to claim your prize now.",1
"Hey, are we still meeting for lunch at 12:30 pm today? Thanks!",0
Thank you for dining with us! Here is your e-receipt for $24.50. Thanks!,0
APPLE SUPPORT: YOUR IPHONE WAS LOCATED NEAR CHICAGO. SIGN IN WITH YOUR APPLE ID AND PASSWORD AT HTTP://APPLEID.ICLOUD-LOCATE.CF TO VIEW LOCATION MAP.,1
Apple Support: Your iPhone was located near Chicago. Sign in with your Apple ID and password at http://appleid.icloud-locate.cf to view location map.,1
Thank you for dining with us! Here is your e-receipt for $24.50. Ref ID: #4117,0
URGENT NOTICE [841]: USPS: Your delivery package is on hold due to incorrect address. Pay $1.99 redelivery fee at http://usps-redelivery-support.click to avoid package return.,1
USPS: YOUR DELIVERY PACKAGE IS ON HOLD DUE TO INCORRECT ADDRESS. PAY $1.99 REDELIVERY FEE AT HTTP://USPS-REDELIVERY-SUPPORT.CLICK TO AVOID PACKAGE RETURN.,1
Hey! Can you send me the lecture notes from today's machine learning class?,0
Reminder: Team sprint retro begins at 10 AM tomorrow in Room 4B.,0
Your doctor appointment is confirmed for Thursday at 3:00 PM. Reply 1 to confirm.,0
URGENT: Your Bank of America debit card has been SUSPENDED due to suspicious activity. Click http://192.168.1.1/bofa-verify to unlock your card within 2 hours! Reference Case #562054.,1
"Hey team, the latest code PR has been reviewed and merged into main branch. Thanks!",0
Your subscription renews automatically on Nov 15 for $9.99/mo. Thanks!,0
Your subscription renews automatically on Nov 15 for $9.99/mo. Ref ID: #7358,0
Hey! Can you send me the lecture notes from today's machine learning class?,0
"Hi there, please find the meeting notes and action items from our earlier call.",0
"Hi mom, I just arrived safely at the hotel. Talk to you tonight! Thanks!",0
"Hi there, your package from amazon was delivered to your front porch.",0
"Hi there, thank you for dining with us! here is your e-receipt for $24.50.",0
"The weather forecast says it will rain this evening, remember to bring an umbrella. Ref ID: #6793",0
"Hey, are we still meeting for lunch at 12:30 pm today? Thanks!",0
"Hi there, your flight aa104 is on schedule, boarding at gate b22.",0
ATTENTION: YOUR WELLS FARGO ACCOUNT HAS BEEN LOCKED. ENTER YOUR OTP AND DEBIT CARD PIN AT HTTP://WELLSFARGO.VERIFY-ID.WORK TO RESTORE ACCESS.,1
"Hi there, your flight aa104 is on schedule, boarding at gate b22.",0
DHL EXPRESS: PACKAGE #948271 COULD NOT BE DELIVERED. CONFIRM PAYMENT OF IMPORT DUTY CUSTOMS FEE IMMEDIATELY AT HTTP://DHL-EXPRESS-DUTY.BUZZ,1
"Hi there, attached is the weekly project status report for your review.",0
Your package from Amazon was delivered to your front porch. Ref ID: #4554,0
URGENT NOTICE [263]: USPS: Your delivery package is on hold due to incorrect address. Pay $1.99 redelivery fee at http://usps-redelivery-support.click to avoid package return.,1
WhatsApp Security: Your WhatsApp account will be deleted within 24h. Send the 6-digit SMS verification code to verify your phone number.,1
Happy Birthday! Hope you have a wonderful celebration with family and friends! Ref ID: #9818,0
Attached is the weekly project status report for your review. Thanks!,0
"Hi there, your doctor appointment is confirmed for thursday at 3:00 pm. reply 1 to confirm.",0
Thank you for dining with us! Here is your e-receipt for $24.50. Ref ID: #2189,0
"Hi there, thank you for dining with us! here is your e-receipt for $24.50.",0
"DEAR CUSTOMER, YOUR NETFLIX SUBSCRIPTION EXPIRED. PLEASE UPDATE YOUR BILLING CREDIT CARD INFORMATION AT HTTP://NETFLIX-BILLING-RESOLVE.TOP TO PREVENT ACCOUNT CANCELLATION.",1
URGENT NOTICE [272]: DHL Express: Package #948271 could not be delivered. Confirm payment of import duty customs fee immediately at http://dhl-express-duty.buzz,1
"URGENT NOTICE [774]: Earn $500 to $2,000 daily working from home! Guaranteed return on crypto investment. Deposit 0.05 BTC to double your money in 24 hours.",1
URGENT NOTICE [157]: Apple Support: Your iPhone was located near Chicago. Sign in with your Apple ID and password at http://appleid.icloud-locate.cf to view location map.,1
"URGENT NOTICE [138]: Congratulations! You won the $1,500,000 international lottery! Send your bank details and $200 processing fee via Western Union to claim your prize now.",1
"Earn $500 to $2,000 daily working from home! Guaranteed return on crypto investment. Deposit 0.05 BTC to double your money in 24 hours. Reference Case #280496.",1
"Hey team, the latest code PR has been reviewed and merged into main branch. Thanks!",0
Your subscription renews automatically on Nov 15 for $9.99/mo.,0
ATTENTION: YOUR WELLS FARGO ACCOUNT HAS BEEN LOCKED. ENTER YOUR OTP AND DEBIT CARD PIN AT HTTP://WELLSFARGO.VERIFY-ID.WORK TO RESTORE ACCESS.,1
Hey! Can you send me the lecture notes from today's machine learning class? Ref ID: #5134,0
"SECURITY ALERT: UNUSUAL LOGIN DETECTED ON YOUR PAYPAL ACCOUNT FROM RUSSIA. IF THIS WASN'T YOU, VERIFY YOUR IDENTITY IMMEDIATELY AT HTTP://PAYPAL.SECURITY-UPDATE.XYZ/LOGIN",1
Your doctor appointment is confirmed for Thursday at 3:00 PM. Reply 1 to confirm. Thanks!,0
URGENT NOTICE [731]: FINAL NOTICE: IRS has filed a lawsuit against you for tax evasion. Call immediately at 1-800-555-0199 or police will be dispatched to your location.,1
USPS: Your delivery package is on hold due to incorrect address. Pay $1.99 redelivery fee at http://usps-redelivery-support.click to avoid package return.,1
"Hi there, attached is the weekly project status report for your review.",0
"Security Alert: Unusual login detected on your PayPal account from Russia. If this wasn't you, verify your identity immediately at http://paypal.security-update.xyz/login",1
Attached is the weekly project status report for your review.,0
"URGENT: WE DETECTED AN UNAUTHORIZED WIRE TRANSFER OF $2,490 FROM YOUR CHASE ACCOUNT. CLICK HTTP://CHASE-FRAUD-PREVENTION.LIVE IMMEDIATELY TO CANCEL TRANSFER.",1
DHL Express: Package #948271 could not be delivered. Confirm payment of import duty customs fee immediately at http://dhl-express-duty.buzz,1
DHL EXPRESS: PACKAGE #948271 COULD NOT BE DELIVERED. CONFIRM PAYMENT OF IMPORT DUTY CUSTOMS FEE IMMEDIATELY AT HTTP://DHL-EXPRESS-DUTY.BUZZ,1
ATTENTION: Your Wells Fargo account has been locked. Enter your OTP and debit card PIN at http://wellsfargo.verify-id.work to restore access. Reference Case #224775.,1
"Your flight AA104 is on schedule, boarding at gate B22.",0
Your doctor appointment is confirmed for Thursday at 3:00 PM. Reply 1 to confirm. Ref ID: #9225,0
Hey! Can you send me the lecture notes from today's machine learning class?,0
"URGENT NOTICE [176]: Earn $500 to $2,000 daily working from home! Guaranteed return on crypto investment. Deposit 0.05 BTC to double your money in 24 hours.",1
"DEAR CUSTOMER, YOUR NETFLIX SUBSCRIPTION EXPIRED. PLEASE UPDATE YOUR BILLING CREDIT CARD INFORMATION AT HTTP://NETFLIX-BILLING-RESOLVE.TOP TO PREVENT ACCOUNT CANCELLATION.",1
URGENT: Your Bank of America debit card has been SUSPENDED due to suspicious activity. Click http://192.168.1.1/bofa-verify to unlock your card within 2 hours!,1
Your subscription renews automatically on Nov 15 for $9.99/mo.,0
WHATSAPP SECURITY: YOUR WHATSAPP ACCOUNT WILL BE DELETED WITHIN 24H. SEND THE 6-DIGIT SMS VERIFICATION CODE TO VERIFY YOUR PHONE NUMBER.,1
"Hi there, reminder: team sprint retro begins at 10 am tomorrow in room 4b.",0
"URGENT NOTICE [721]: Earn $500 to $2,000 daily working from home! Guaranteed return on crypto investment. Deposit 0.05 BTC to double your money in 24 hours.",1
FINAL NOTICE: IRS has filed a lawsuit against you for tax evasion. Call immediately at 1-800-555-0199 or police will be dispatched to your location.,1
"URGENT: We detected an unauthorized wire transfer of $2,490 from your Chase account. Click http://chase-fraud-prevention.live immediately to cancel transfer.",1
URGENT NOTICE [799]: Apple Support: Your iPhone was located near Chicago. Sign in with your Apple ID and password at http://appleid.icloud-locate.cf to view location map.,1
"Hi there, your verification code is 482910. do not share this with anyone. expires in 10 mins.",0
"Hi mom, I just arrived safely at the hotel. Talk to you tonight!",0
"Congratulations! You won the $1,500,000 international lottery! Send your bank details and $200 processing fee via Western Union to claim your prize now.",1
"Hi there, happy birthday! hope you have a wonderful celebration with family and friends!",0
"URGENT: We detected an unauthorized wire transfer of $2,490 from your Chase account. Click http://chase-fraud-prevention.live immediately to cancel transfer. Reference Case #596427.",1
"Security Alert: Unusual login detected on your PayPal account from Russia. If this wasn't you, verify your identity immediately at http://paypal.security-update.xyz/login Reference Case #679596.",1
URGENT NOTICE [631]: WhatsApp Security: Your WhatsApp account will be deleted within 24h. Send the 6-digit SMS verification code to verify your phone number.,1
Apple Support: Your iPhone was located near Chicago. Sign in with your Apple ID and password at http://appleid.icloud-locate.cf to view location map. Reference Case #583064.,1
"Hey, are we still meeting for lunch at 12:30 pm today? Ref ID: #5952",0
URGENT NOTICE [712]: DHL Express: Package #948271 could not be delivered. Confirm payment of import duty customs fee immediately at http://dhl-express-duty.buzz,1
"Hey team, the latest code PR has been reviewed and merged into main branch. Thanks!",0
Thank you for dining with us! Here is your e-receipt for $24.50.,0
"URGENT NOTICE [540]: Security Alert: Unusual login detected on your PayPal account from Russia. If this wasn't you, verify your identity immediately at http://paypal.security-update.xyz/login",1
DHL Express: Package #948271 could not be delivered. Confirm payment of import duty customs fee immediately at http://dhl-express-duty.buzz,1
Your verification code is 482910. Do not share this with anyone. Expires in 10 mins. Thanks!,0
WhatsApp Security: Your WhatsApp account will be deleted within 24h. Send the 6-digit SMS verification code to verify your phone number. Reference Case #668624.,1
"Hi there, hi mom, i just arrived safely at the hotel. talk to you tonight!",0
Your verification code is 482910. Do not share this with anyone. Expires in 10 mins.,0
"Hi there, attached is the weekly project status report for your review.",0
"Congratulations! You won the $1,500,000 international lottery! Send your bank details and $200 processing fee via Western Union to claim your prize now.",1
"Hey, are we still meeting for lunch at 12:30 pm today?",0
URGENT NOTICE [274]: DHL Express: Package #948271 could not be delivered. Confirm payment of import duty customs fee immediately at http://dhl-express-duty.buzz,1
"DEAR CUSTOMER, YOUR NETFLIX SUBSCRIPTION EXPIRED. PLEASE UPDATE YOUR BILLING CREDIT CARD INFORMATION AT HTTP://NETFLIX-BILLING-RESOLVE.TOP TO PREVENT ACCOUNT CANCELLATION.",1
Happy Birthday! Hope you have a wonderful celebration with family and friends! Ref ID: #5912,0
FINAL NOTICE: IRS HAS FILED A LAWSUIT AGAINST YOU FOR TAX EVASION. CALL IMMEDIATELY AT 1-800-555-0199 OR POLICE WILL BE DISPATCHED TO YOUR LOCATION.,1
URGENT NOTICE [345]: FINAL NOTICE: IRS has filed a lawsuit against you for tax evasion. Call immediately at 1-800-555-0199 or police will be dispatched to your location.,1
"Hi there, the weather forecast says it will rain this evening, remember to bring an umbrella.",0
FINAL NOTICE: IRS HAS FILED A LAWSUIT AGAINST YOU FOR TAX EVASION. CALL IMMEDIATELY AT 1-800-555-0199 OR POLICE WILL BE DISPATCHED TO YOUR LOCATION.,1
WhatsApp Security: Your WhatsApp account will be deleted within 24h. Send the 6-digit SMS verification code to verify your phone number.,1
"Security Alert: Unusual login detected on your PayPal account from Russia. If this wasn't you, verify your identity immediately at http://paypal.security-update.xyz/login Reference Case #409329.",1
USPS: Your delivery package is on hold due to incorrect address. Pay $1.99 redelivery fee at http://usps-redelivery-support.click to avoid package return.,1
"DEAR CUSTOMER, YOUR NETFLIX SUBSCRIPTION EXPIRED. PLEASE UPDATE YOUR BILLING CREDIT CARD INFORMATION AT HTTP://NETFLIX-BILLING-RESOLVE.TOP TO PREVENT ACCOUNT CANCELLATION.",1
"URGENT NOTICE [797]: Congratulations! You won the $1,500,000 international lottery! Send your bank details and $200 processing fee via Western Union to claim your prize now.",1
URGENT NOTICE [684]: FINAL NOTICE: IRS has filed a lawsuit against you for tax evasion. Call immediately at 1-800-555-0199 or police will be dispatched to your location.,1
"URGENT: We detected an unauthorized wire transfer of $2,490 from your Chase account. Click http://chase-fraud-prevention.live immediately to cancel transfer. Reference Case #853250.",1
"Hey team, the latest code PR has been reviewed and merged into main branch. Thanks!",0
"URGENT: WE DETECTED AN UNAUTHORIZED WIRE TRANSFER OF $2,490 FROM YOUR CHASE ACCOUNT. CLICK HTTP://CHASE-FRAUD-PREVENTION.LIVE IMMEDIATELY TO CANCEL TRANSFER.",1
Thank you for dining with us! Here is your e-receipt for $24.50. Ref ID: #9004,0
Your subscription renews automatically on Nov 15 for $9.99/mo.,0
Hey! Can you send me the lecture notes from today's machine learning class? Ref ID: #3938,0
Please find the meeting notes and action items from our earlier call.,0
Your package from Amazon was delivered to your front porch.,0
"Hey team, the latest code PR has been reviewed and merged into main branch. Ref ID: #6844",0
"Security Alert: Unusual login detected on your PayPal account from Russia. If this wasn't you, verify your identity immediately at http://paypal.security-update.xyz/login",1
"Hi there, the weather forecast says it will rain this evening, remember to bring an umbrella.",0
"Hi there, hey team, the latest code pr has been reviewed and merged into main branch.",0
Your verification code is 482910. Do not share this with anyone. Expires in 10 mins. Ref ID: #7779,0
URGENT: Your Bank of America debit card has been SUSPENDED due to suspicious activity. Click http://192.168.1.1/bofa-verify to unlock your card within 2 hours!,1
FINAL NOTICE: IRS has filed a lawsuit against you for tax evasion. Call immediately at 1-800-555-0199 or police will be dispatched to your location. Reference Case #346240.,1
Hey! Can you send me the lecture notes from today's machine learning class?,0
"Security Alert: Unusual login detected on your PayPal account from Russia. If this wasn't you, verify your identity immediately at http://paypal.security-update.xyz/login Reference Case #299380.",1
"CONGRATULATIONS! YOU WON THE $1,500,000 INTERNATIONAL LOTTERY! SEND YOUR BANK DETAILS AND $200 PROCESSING FEE VIA WESTERN UNION TO CLAIM YOUR PRIZE NOW.",1
Please find the meeting notes and action items from our earlier call. Thanks!,0
FINAL NOTICE: IRS has filed a lawsuit against you for tax evasion. Call immediately at 1-800-555-0199 or police will be dispatched to your location. Reference Case #847031.,1
"Hi there, thank you for dining with us! here is your e-receipt for $24.50.",0
DHL Express: Package #948271 could not be delivered. Confirm payment of import duty customs fee immediately at http://dhl-express-duty.buzz,1
URGENT NOTICE [146]: USPS: Your delivery package is on hold due to incorrect address. Pay $1.99 redelivery fee at http://usps-redelivery-support.click to avoid package return.,1
"Hi there, your flight aa104 is on schedule, boarding at gate b22.",0
Thank you for dining with us! Here is your e-receipt for $24.50. Thanks!,0
ATTENTION: Your Wells Fargo account has been locked. Enter your OTP and debit card PIN at http://wellsfargo.verify-id.work to restore access.,1
"Your flight AA104 is on schedule, boarding at gate B22. Thanks!",0
"The weather forecast says it will rain this evening, remember to bring an umbrella. Thanks!",0
"Security Alert: Unusual login detected on your PayPal account from Russia. If this wasn't you, verify your identity immediately at http://paypal.security-update.xyz/login Reference Case #470425.",1
FINAL NOTICE: IRS has filed a lawsuit against you for tax evasion. Call immediately at 1-800-555-0199 or police will be dispatched to your location. Reference Case #377776.,1
URGENT NOTICE [743]: FINAL NOTICE: IRS has filed a lawsuit against you for tax evasion. Call immediately at 1-800-555-0199 or police will be dispatched to your location.,1
Your package from Amazon was delivered to your front porch. Thanks!,0
WhatsApp Security: Your WhatsApp account will be deleted within 24h. Send the 6-digit SMS verification code to verify your phone number. Reference Case #117663.,1
"Hi there, hey team, the latest code pr has been reviewed and merged into main branch.",0
Apple Support: Your iPhone was located near Chicago. Sign in with your Apple ID and password at http://appleid.icloud-locate.cf to view location map.,1
URGENT NOTICE [195]: ATTENTION: Your Wells Fargo account has been locked. Enter your OTP and debit card PIN at http://wellsfargo.verify-id.work to restore access.,1
Your package from Amazon was delivered to your front porch. Ref ID: #3429,0
"Hi there, your doctor appointment is confirmed for thursday at 3:00 pm. reply 1 to confirm.",0
Your package from Amazon was delivered to your front porch.,0
FINAL NOTICE: IRS has filed a lawsuit against you for tax evasion. Call immediately at 1-800-555-0199 or police will be dispatched to your location.,1
Thank you for dining with us! Here is your e-receipt for $24.50. Thanks!,0
"Hey, are we still meeting for lunch at 12:30 pm today?",0
"Hi there, your subscription renews automatically on nov 15 for $9.99/mo.",0
Your subscription renews automatically on Nov 15 for $9.99/mo.,0
Your verification code is 482910. Do not share this with anyone. Expires in 10 mins.,0
Your verification code is 482910. Do not share this with anyone. Expires in 10 mins. Thanks!,0
Hey! Can you send me the lecture notes from today's machine learning class? Thanks!,0
Hey! Can you send me the lecture notes from today's machine learning class? Ref ID: #9109,0
URGENT: Your Bank of America debit card has been SUSPENDED due to suspicious activity. Click http://192.168.1.1/bofa-verify to unlock your card within 2 hours!,1
Your doctor appointment is confirmed for Thursday at 3:00 PM. Reply 1 to confirm.,0
Your subscription renews automatically on Nov 15 for $9.99/mo. Thanks!,0
WHATSAPP SECURITY: YOUR WHATSAPP ACCOUNT WILL BE DELETED WITHIN 24H. SEND THE 6-DIGIT SMS VERIFICATION CODE TO VERIFY YOUR PHONE NUMBER.,1
"Hi there, hey! can you send me the lecture notes from today's machine learning class?",0
URGENT NOTICE [191]: ATTENTION: Your Wells Fargo account has been locked. Enter your OTP and debit card PIN at http://wellsfargo.verify-id.work to restore access.,1
DHL Express: Package #948271 could not be delivered. Confirm payment of import duty customs fee immediately at http://dhl-express-duty.buzz Reference Case #975048.,1
"URGENT: WE DETECTED AN UNAUTHORIZED WIRE TRANSFER OF $2,490 FROM YOUR CHASE ACCOUNT. CLICK HTTP://CHASE-FRAUD-PREVENTION.LIVE IMMEDIATELY TO CANCEL TRANSFER.",1
"Your flight AA104 is on schedule, boarding at gate B22. Ref ID: #1416",0
"The weather forecast says it will rain this evening, remember to bring an umbrella.",0
"Hi mom, I just arrived safely at the hotel. Talk to you tonight! Ref ID: #1234",0
"Hi there, reminder: team sprint retro begins at 10 am tomorrow in room 4b.",0
"Hi there, your doctor appointment is confirmed for thursday at 3:00 pm. reply 1 to confirm.",0
Happy Birthday! Hope you have a wonderful celebration with family and friends! Ref ID: #5769,0
"Hi there, your package from amazon was delivered to your front porch.",0
USPS: Your delivery package is on hold due to incorrect address. Pay $1.99 redelivery fee at http://usps-redelivery-support.click to avoid package return.,1
Thank you for dining with us! Here is your e-receipt for $24.50.,0
Please find the meeting notes and action items from our earlier call. Ref ID: #4188,0
Happy Birthday! Hope you have a wonderful celebration with family and friends! Thanks!,0
Your package from Amazon was delivered to your front porch. Ref ID: #9162,0
"URGENT NOTICE [169]: Earn $500 to $2,000 daily working from home! Guaranteed return on crypto investment. Deposit 0.05 BTC to double your money in 24 hours.",1
"CONGRATULATIONS! YOU WON THE $1,500,000 INTERNATIONAL LOTTERY! SEND YOUR BANK DETAILS AND $200 PROCESSING FEE VIA WESTERN UNION TO CLAIM YOUR PRIZE NOW.",1
"Dear Customer, your Netflix subscription expired. Please update your billing credit card information at http://netflix-billing-resolve.top to prevent account cancellation.",1
URGENT: Your Bank of America debit card has been SUSPENDED due to suspicious activity. Click http://192.168.1.1/bofa-verify to unlock your card within 2 hours! Reference Case #974208.,1
Reminder: Team sprint retro begins at 10 AM tomorrow in Room 4B. Thanks!,0
ATTENTION: Your Wells Fargo account has been locked. Enter your OTP and debit card PIN at http://wellsfargo.verify-id.work to restore access.,1
APPLE SUPPORT: YOUR IPHONE WAS LOCATED NEAR CHICAGO. SIGN IN WITH YOUR APPLE ID AND PASSWORD AT HTTP://APPLEID.ICLOUD-LOCATE.CF TO VIEW LOCATION MAP.,1
"Your flight AA104 is on schedule, boarding at gate B22. Thanks!",0
Apple Support: Your iPhone was located near Chicago. Sign in with your Apple ID and password at http://appleid.icloud-locate.cf to view location map. Reference Case #262530.,1
"Earn $500 to $2,000 daily working from home! Guaranteed return on crypto investment. Deposit 0.05 BTC to double your money in 24 hours. Reference Case #450267.",1
"URGENT NOTICE [123]: Dear Customer, your Netflix subscription expired. Please update your billing credit card information at http://netflix-billing-resolve.top to prevent account cancellation.",1
URGENT NOTICE [123]: ATTENTION: Your Wells Fargo account has been locked. Enter your OTP and debit card PIN at http://wellsfargo.verify-id.work to restore access.,1
URGENT NOTICE [186]: WhatsApp Security: Your WhatsApp account will be deleted within 24h. Send the 6-digit SMS verification code to verify your phone number.,1
Your subscription renews automatically on Nov 15 for $9.99/mo.,0
"URGENT NOTICE [537]: Congratulations! You won the $1,500,000 international lottery! Send your bank details and $200 processing fee via Western Union to claim your prize now.",1
"Hey, are we still meeting for lunch at 12:30 pm today? Thanks!",0
URGENT NOTICE [661]: FINAL NOTICE: IRS has filed a lawsuit against you for tax evasion. Call immediately at 1-800-555-0199 or police will be dispatched to your location.,1
Your subscription renews automatically on Nov 15 for $9.99/mo.,0
URGENT: YOUR BANK OF AMERICA DEBIT CARD HAS BEEN SUSPENDED DUE TO SUSPICIOUS ACTIVITY. CLICK HTTP://192.168.1.1/BOFA-VERIFY TO UNLOCK YOUR CARD WITHIN 2 HOURS!,1
"URGENT NOTICE [813]: Congratulations! You won the $1,500,000 international lottery! Send your bank details and $200 processing fee via Western Union to claim your prize now.",1
"CONGRATULATIONS! YOU WON THE $1,500,000 INTERNATIONAL LOTTERY! SEND YOUR BANK DETAILS AND $200 PROCESSING FEE VIA WESTERN UNION TO CLAIM YOUR PRIZE NOW.",1
"Earn $500 to $2,000 daily working from home! Guaranteed return on crypto investment. Deposit 0.05 BTC to double your money in 24 hours. Reference Case #537513.",1
ATTENTION: Your Wells Fargo account has been locked. Enter your OTP and debit card PIN at http://wellsfargo.verify-id.work to restore access. Reference Case #750077.,1
WhatsApp Security: Your WhatsApp account will be deleted within 24h. Send the 6-digit SMS verification code to verify your phone number.,1
"CONGRATULATIONS! YOU WON THE $1,500,000 INTERNATIONAL LOTTERY! SEND YOUR BANK DETAILS AND $200 PROCESSING FEE VIA WESTERN UNION TO CLAIM YOUR PRIZE NOW.",1
"Hey, are we still meeting for lunch at 12:30 pm today? Thanks!",0
Your package from Amazon was delivered to your front porch.,0
Please find the meeting notes and action items from our earlier call. Thanks!,0
URGENT: Your Bank of America debit card has been SUSPENDED due to suspicious activity. Click http://192.168.1.1/bofa-verify to unlock your card within 2 hours!,1
"Hey team, the latest code PR has been reviewed and merged into main branch.",0
Your verification code is 482910. Do not share this with anyone. Expires in 10 mins. Thanks!,0
Your package from Amazon was delivered to your front porch.,0
Your subscription renews automatically on Nov 15 for $9.99/mo. Ref ID: #6471,0
"Hi mom, I just arrived safely at the hotel. Talk to you tonight! Thanks!",0
"URGENT NOTICE [848]: Security Alert: Unusual login detected on your PayPal account from Russia. If this wasn't you, verify your identity immediately at http://paypal.security-update.xyz/login",1
WhatsApp Security: Your WhatsApp account will be deleted within 24h. Send the 6-digit SMS verification code to verify your phone number. Reference Case #357543.,1
"Dear Customer, your Netflix subscription expired. Please update your billing credit card information at http://netflix-billing-resolve.top to prevent account cancellation.",1
"Dear Customer, your Netflix subscription expired. Please update your billing credit card information at http://netflix-billing-resolve.top to prevent account cancellation. Reference Case #592738.",1
Thank you for dining with us! Here is your e-receipt for $24.50.,0
URGENT NOTICE [874]: WhatsApp Security: Your WhatsApp account will be deleted within 24h. Send the 6-digit SMS verification code to verify your phone number.,1
Please find the meeting notes and action items from our earlier call. Thanks!,0
"Hi there, happy birthday! hope you have a wonderful celebration with family and friends!",0
Your subscription renews automatically on Nov 15 for $9.99/mo. Ref ID: #5045,0
"URGENT: We detected an unauthorized wire transfer of $2,490 from your Chase account. Click http://chase-fraud-prevention.live immediately to cancel transfer. Reference Case #347256.",1
URGENT NOTICE [140]: WhatsApp Security: Your WhatsApp account will be deleted within 24h. Send the 6-digit SMS verification code to verify your phone number.,1
Reminder: Team sprint retro begins at 10 AM tomorrow in Room 4B.,0
Attached is the weekly project status report for your review.,0
"Hi there, hi mom, i just arrived safely at the hotel. talk to you tonight!",0
URGENT NOTICE [824]: DHL Express: Package #948271 could not be delivered. Confirm payment of import duty customs fee immediately at http://dhl-express-duty.buzz,1
"SECURITY ALERT: UNUSUAL LOGIN DETECTED ON YOUR PAYPAL ACCOUNT FROM RUSSIA. IF THIS WASN'T YOU, VERIFY YOUR IDENTITY IMMEDIATELY AT HTTP://PAYPAL.SECURITY-UPDATE.XYZ/LOGIN",1
"URGENT: We detected an unauthorized wire transfer of $2,490 from your Chase account. Click http://chase-fraud-prevention.live immediately to cancel transfer. Reference Case #100097.",1
Your package from Amazon was delivered to your front porch. Thanks!,0
"Hi there, your verification code is 482910. do not share this with anyone. expires in 10 mins.",0
"URGENT: We detected an unauthorized wire transfer of $2,490 from your Chase account. Click http://chase-fraud-prevention.live immediately to cancel transfer. Reference Case #461462.",1
Hey! Can you send me the lecture notes from today's machine learning class? Thanks!,0
Attached is the weekly project status report for your review. Ref ID: #4215,0
Please find the meeting notes and action items from our earlier call. Ref ID: #4184,0
"Hey team, the latest code PR has been reviewed and merged into main branch. Ref ID: #2329",0
URGENT: Your Bank of America debit card has been SUSPENDED due to suspicious activity. Click http://192.168.1.1/bofa-verify to unlock your card within 2 hours!,1
"URGENT NOTICE [565]: Earn $500 to $2,000 daily working from home! Guaranteed return on crypto investment. Deposit 0.05 BTC to double your money in 24 hours.",1
"DEAR CUSTOMER, YOUR NETFLIX SUBSCRIPTION EXPIRED. PLEASE UPDATE YOUR BILLING CREDIT CARD INFORMATION AT HTTP://NETFLIX-BILLING-RESOLVE.TOP TO PREVENT ACCOUNT CANCELLATION.",1
"DEAR CUSTOMER, YOUR NETFLIX SUBSCRIPTION EXPIRED. PLEASE UPDATE YOUR BILLING CREDIT CARD INFORMATION AT HTTP://NETFLIX-BILLING-RESOLVE.TOP TO PREVENT ACCOUNT CANCELLATION.",1
"Hey team, the latest code PR has been reviewed and merged into main branch. Thanks!",0
"SECURITY ALERT: UNUSUAL LOGIN DETECTED ON YOUR PAYPAL ACCOUNT FROM RUSSIA. IF THIS WASN'T YOU, VERIFY YOUR IDENTITY IMMEDIATELY AT HTTP://PAYPAL.SECURITY-UPDATE.XYZ/LOGIN",1
"URGENT: WE DETECTED AN UNAUTHORIZED WIRE TRANSFER OF $2,490 FROM YOUR CHASE ACCOUNT. CLICK HTTP://CHASE-FRAUD-PREVENTION.LIVE IMMEDIATELY TO CANCEL TRANSFER.",1
"Hi there, attached is the weekly project status report for your review.",0
URGENT NOTICE [841]: DHL Express: Package #948271 could not be delivered. Confirm payment of import duty customs fee immediately at http://dhl-express-duty.buzz,1
Happy Birthday! Hope you have a wonderful celebration with family and friends! Thanks!,0
"Hi there, your subscription renews automatically on nov 15 for $9.99/mo.",0
WHATSAPP SECURITY: YOUR WHATSAPP ACCOUNT WILL BE DELETED WITHIN 24H. SEND THE 6-DIGIT SMS VERIFICATION CODE TO VERIFY YOUR PHONE NUMBER.,1
Happy Birthday! Hope you have a wonderful celebration with family and friends! Ref ID: #3830,0
"Hey team, the latest code PR has been reviewed and merged into main branch. Thanks!",0
Your doctor appointment is confirmed for Thursday at 3:00 PM. Reply 1 to confirm. Ref ID: #3881,0
Attached is the weekly project status report for your review. Thanks!,0
Attached is the weekly project status report for your review.,0
"EARN $500 TO $2,000 DAILY WORKING FROM HOME! GUARANTEED RETURN ON CRYPTO INVESTMENT. DEPOSIT 0.05 BTC TO DOUBLE YOUR MONEY IN 24 HOURS.",1
"URGENT NOTICE [744]: Security Alert: Unusual login detected on your PayPal account from Russia. If this wasn't you, verify your identity immediately at http://paypal.security-update.xyz/login",1
FINAL NOTICE: IRS has filed a lawsuit against you for tax evasion. Call immediately at 1-800-555-0199 or police will be dispatched to your location.,1
Attached is the weekly project status report for your review.,0
Please find the meeting notes and action items from our earlier call.,0
FINAL NOTICE: IRS HAS FILED A LAWSUIT AGAINST YOU FOR TAX EVASION. CALL IMMEDIATELY AT 1-800-555-0199 OR POLICE WILL BE DISPATCHED TO YOUR LOCATION.,1
Thank you for dining with us! Here is your e-receipt for $24.50.,0
Hey! Can you send me the lecture notes from today's machine learning class?,0
"Hi there, your subscription renews automatically on nov 15 for $9.99/mo.",0
USPS: YOUR DELIVERY PACKAGE IS ON HOLD DUE TO INCORRECT ADDRESS. PAY $1.99 REDELIVERY FEE AT HTTP://USPS-REDELIVERY-SUPPORT.CLICK TO AVOID PACKAGE RETURN.,1
USPS: YOUR DELIVERY PACKAGE IS ON HOLD DUE TO INCORRECT ADDRESS. PAY $1.99 REDELIVERY FEE AT HTTP://USPS-REDELIVERY-SUPPORT.CLICK TO AVOID PACKAGE RETURN.,1
URGENT NOTICE [603]: WhatsApp Security: Your WhatsApp account will be deleted within 24h. Send the 6-digit SMS verification code to verify your phone number.,1
URGENT NOTICE [369]: Apple Support: Your iPhone was located near Chicago. Sign in with your Apple ID and password at http://appleid.icloud-locate.cf to view location map.,1
"Hi mom, I just arrived safely at the hotel. Talk to you tonight!",0
Please find the meeting notes and action items from our earlier call. Thanks!,0
"Earn $500 to $2,000 daily working from home! Guaranteed return on crypto investment. Deposit 0.05 BTC to double your money in 24 hours.",1
"Your flight AA104 is on schedule, boarding at gate B22. Thanks!",0
"The weather forecast says it will rain this evening, remember to bring an umbrella. Ref ID: #4168",0
Attached is the weekly project status report for your review. Ref ID: #2486,0
URGENT: YOUR BANK OF AMERICA DEBIT CARD HAS BEEN SUSPENDED DUE TO SUSPICIOUS ACTIVITY. CLICK HTTP://192.168.1.1/BOFA-VERIFY TO UNLOCK YOUR CARD WITHIN 2 HOURS!,1
Please find the meeting notes and action items from our earlier call. Ref ID: #6105,0
URGENT NOTICE [361]: FINAL NOTICE: IRS has filed a lawsuit against you for tax evasion. Call immediately at 1-800-555-0199 or police will be dispatched to your location.,1
"URGENT: We detected an unauthorized wire transfer of $2,490 from your Chase account. Click http://chase-fraud-prevention.live immediately to cancel transfer. Reference Case #230703.",1
"The weather forecast says it will rain this evening, remember to bring an umbrella. Ref ID: #9370",0
"Earn $500 to $2,000 daily working from home! Guaranteed return on crypto investment. Deposit 0.05 BTC to double your money in 24 hours.",1
Thank you for dining with us! Here is your e-receipt for $24.50. Thanks!,0
WHATSAPP SECURITY: YOUR WHATSAPP ACCOUNT WILL BE DELETED WITHIN 24H. SEND THE 6-DIGIT SMS VERIFICATION CODE TO VERIFY YOUR PHONE NUMBER.,1
"Hi there, your subscription renews automatically on nov 15 for $9.99/mo.",0
"Hey team, the latest code PR has been reviewed and merged into main branch. Ref ID: #7250",0
WhatsApp Security: Your WhatsApp account will be deleted within 24h. Send the 6-digit SMS verification code to verify your phone number.,1
FINAL NOTICE: IRS HAS FILED A LAWSUIT AGAINST YOU FOR TAX EVASION. CALL IMMEDIATELY AT 1-800-555-0199 OR POLICE WILL BE DISPATCHED TO YOUR LOCATION.,1
USPS: Your delivery package is on hold due to incorrect address. Pay $1.99 redelivery fee at http://usps-redelivery-support.click to avoid package return.,1
Happy Birthday! Hope you have a wonderful celebration with family and friends! Ref ID: #5892,0
"SECURITY ALERT: UNUSUAL LOGIN DETECTED ON YOUR PAYPAL ACCOUNT FROM RUSSIA. IF THIS WASN'T YOU, VERIFY YOUR IDENTITY IMMEDIATELY AT HTTP://PAYPAL.SECURITY-UPDATE.XYZ/LOGIN",1
"Hi there, please find the meeting notes and action items from our earlier call.",0
"URGENT NOTICE [752]: Security Alert: Unusual login detected on your PayPal account from Russia. If this wasn't you, verify your identity immediately at http://paypal.security-update.xyz/login",1
APPLE SUPPORT: YOUR IPHONE WAS LOCATED NEAR CHICAGO. SIGN IN WITH YOUR APPLE ID AND PASSWORD AT HTTP://APPLEID.ICLOUD-LOCATE.CF TO VIEW LOCATION MAP.,1
"Your flight AA104 is on schedule, boarding at gate B22.",0
"Hi mom, I just arrived safely at the hotel. Talk to you tonight! Ref ID: #9682",0
"Hey team, the latest code PR has been reviewed and merged into main branch.",0
URGENT: Your Bank of America debit card has been SUSPENDED due to suspicious activity. Click http://192.168.1.1/bofa-verify to unlock your card within 2 hours!,1
Thank you for dining with us! Here is your e-receipt for $24.50.,0
"Hey, are we still meeting for lunch at 12:30 pm today?",0
"Hey team, the latest code PR has been reviewed and merged into main branch. Thanks!",0
Apple Support: Your iPhone was located near Chicago. Sign in with your Apple ID and password at http://appleid.icloud-locate.cf to view location map.,1
DHL EXPRESS: PACKAGE #948271 COULD NOT BE DELIVERED. CONFIRM PAYMENT OF IMPORT DUTY CUSTOMS FEE IMMEDIATELY AT HTTP://DHL-EXPRESS-DUTY.BUZZ,1
"EARN $500 TO $2,000 DAILY WORKING FROM HOME! GUARANTEED RETURN ON CRYPTO INVESTMENT. DEPOSIT 0.05 BTC TO DOUBLE YOUR MONEY IN 24 HOURS.",1
"URGENT: We detected an unauthorized wire transfer of $2,490 from your Chase account. Click http://chase-fraud-prevention.live immediately to cancel transfer. Reference Case #161849.",1
USPS: YOUR DELIVERY PACKAGE IS ON HOLD DUE TO INCORRECT ADDRESS. PAY $1.99 REDELIVERY FEE AT HTTP://USPS-REDELIVERY-SUPPORT.CLICK TO AVOID PACKAGE RETURN.,1
ATTENTION: Your Wells Fargo account has been locked. Enter your OTP and debit card PIN at http://wellsfargo.verify-id.work to restore access. Reference Case #677433.,1
"Your flight AA104 is on schedule, boarding at gate B22.",0
"SECURITY ALERT: UNUSUAL LOGIN DETECTED ON YOUR PAYPAL ACCOUNT FROM RUSSIA. IF THIS WASN'T YOU, VERIFY YOUR IDENTITY IMMEDIATELY AT HTTP://PAYPAL.SECURITY-UPDATE.XYZ/LOGIN",1
"Hi there, hi mom, i just arrived safely at the hotel. talk to you tonight!",0
URGENT: Your Bank of America debit card has been SUSPENDED due to suspicious activity. Click http://192.168.1.1/bofa-verify to unlock your card within 2 hours! Reference Case #786642.,1
"Hi there, your flight aa104 is on schedule, boarding at gate b22.",0
Hey! Can you send me the lecture notes from today's machine learning class? Thanks!,0
Please find the meeting notes and action items from our earlier call.,0
URGENT NOTICE [678]: USPS: Your delivery package is on hold due to incorrect address. Pay $1.99 redelivery fee at http://usps-redelivery-support.click to avoid package return.,1
"Hey, are we still meeting for lunch at 12:30 pm today? Thanks!",0
Your verification code is 482910. Do not share this with anyone. Expires in 10 mins.,0
USPS: YOUR DELIVERY PACKAGE IS ON HOLD DUE TO INCORRECT ADDRESS. PAY $1.99 REDELIVERY FEE AT HTTP://USPS-REDELIVERY-SUPPORT.CLICK TO AVOID PACKAGE RETURN.,1
"URGENT: WE DETECTED AN UNAUTHORIZED WIRE TRANSFER OF $2,490 FROM YOUR CHASE ACCOUNT. CLICK HTTP://CHASE-FRAUD-PREVENTION.LIVE IMMEDIATELY TO CANCEL TRANSFER.",1
"Hi there, please find the meeting notes and action items from our earlier call.",0
Apple Support: Your iPhone was located near Chicago. Sign in with your Apple ID and password at http://appleid.icloud-locate.cf to view location map.,1
"The weather forecast says it will rain this evening, remember to bring an umbrella. Thanks!",0
USPS: YOUR DELIVERY PACKAGE IS ON HOLD DUE TO INCORRECT ADDRESS. PAY $1.99 REDELIVERY FEE AT HTTP://USPS-REDELIVERY-SUPPORT.CLICK TO AVOID PACKAGE RETURN.,1
Hey! Can you send me the lecture notes from today's machine learning class?,0
"Hi there, please find the meeting notes and action items from our earlier call.",0
"Hi mom, I just arrived safely at the hotel. Talk to you tonight!",0
Apple Support: Your iPhone was located near Chicago. Sign in with your Apple ID and password at http://appleid.icloud-locate.cf to view location map.,1
"URGENT: We detected an unauthorized wire transfer of $2,490 from your Chase account. Click http://chase-fraud-prevention.live immediately to cancel transfer.",1
ATTENTION: YOUR WELLS FARGO ACCOUNT HAS BEEN LOCKED. ENTER YOUR OTP AND DEBIT CARD PIN AT HTTP://WELLSFARGO.VERIFY-ID.WORK TO RESTORE ACCESS.,1
URGENT: YOUR BANK OF AMERICA DEBIT CARD HAS BEEN SUSPENDED DUE TO SUSPICIOUS ACTIVITY. CLICK HTTP://192.168.1.1/BOFA-VERIFY TO UNLOCK YOUR CARD WITHIN 2 HOURS!,1
APPLE SUPPORT: YOUR IPHONE WAS LOCATED NEAR CHICAGO. SIGN IN WITH YOUR APPLE ID AND PASSWORD AT HTTP://APPLEID.ICLOUD-LOCATE.CF TO VIEW LOCATION MAP.,1
URGENT NOTICE [153]: USPS: Your delivery package is on hold due to incorrect address. Pay $1.99 redelivery fee at http://usps-redelivery-support.click to avoid package return.,1
"Hi there, hey! can you send me the lecture notes from today's machine learning class?",0
Your package from Amazon was delivered to your front porch. Thanks!,0
URGENT NOTICE [266]: FINAL NOTICE: IRS has filed a lawsuit against you for tax evasion. Call immediately at 1-800-555-0199 or police will be dispatched to your location.,1
"Hi there, your flight aa104 is on schedule, boarding at gate b22.",0
Apple Support: Your iPhone was located near Chicago. Sign in with your Apple ID and password at http://appleid.icloud-locate.cf to view location map. Reference Case #916902.,1
Attached is the weekly project status report for your review. Ref ID: #9834,0
"The weather forecast says it will rain this evening, remember to bring an umbrella. Thanks!",0
"DEAR CUSTOMER, YOUR NETFLIX SUBSCRIPTION EXPIRED. PLEASE UPDATE YOUR BILLING CREDIT CARD INFORMATION AT HTTP://NETFLIX-BILLING-RESOLVE.TOP TO PREVENT ACCOUNT CANCELLATION.",1
"URGENT: WE DETECTED AN UNAUTHORIZED WIRE TRANSFER OF $2,490 FROM YOUR CHASE ACCOUNT. CLICK HTTP://CHASE-FRAUD-PREVENTION.LIVE IMMEDIATELY TO CANCEL TRANSFER.",1
"Hi there, your package from amazon was delivered to your front porch.",0
Happy Birthday! Hope you have a wonderful celebration with family and friends! Thanks!,0
Your subscription renews automatically on Nov 15 for $9.99/mo. Ref ID: #4587,0
Reminder: Team sprint retro begins at 10 AM tomorrow in Room 4B.,0
Happy Birthday! Hope you have a wonderful celebration with family and friends! Thanks!,0
DHL Express: Package #948271 could not be delivered. Confirm payment of import duty customs fee immediately at http://dhl-express-duty.buzz,1
"CONGRATULATIONS! YOU WON THE $1,500,000 INTERNATIONAL LOTTERY! SEND YOUR BANK DETAILS AND $200 PROCESSING FEE VIA WESTERN UNION TO CLAIM YOUR PRIZE NOW.",1
"URGENT NOTICE [875]: Earn $500 to $2,000 daily working from home! Guaranteed return on crypto investment. Deposit 0.05 BTC to double your money in 24 hours.",1
"Security Alert: Unusual login detected on your PayPal account from Russia. If this wasn't you, verify your identity immediately at http://paypal.security-update.xyz/login",1
Reminder: Team sprint retro begins at 10 AM tomorrow in Room 4B.,0
"Hi mom, I just arrived safely at the hotel. Talk to you tonight!",0
"Dear Customer, your Netflix subscription expired. Please update your billing credit card information at http://netflix-billing-resolve.top to prevent account cancellation.",1
Hey! Can you send me the lecture notes from today's machine learning class? Thanks!,0
"Security Alert: Unusual login detected on your PayPal account from Russia. If this wasn't you, verify your identity immediately at http://paypal.security-update.xyz/login Reference Case #944848.",1
Happy Birthday! Hope you have a wonderful celebration with family and friends! Ref ID: #3814,0
Your package from Amazon was delivered to your front porch. Ref ID: #2219,0
"Hey, are we still meeting for lunch at 12:30 pm today? Ref ID: #1232",0
Please find the meeting notes and action items from our earlier call.,0
"URGENT: We detected an unauthorized wire transfer of $2,490 from your Chase account. Click http://chase-fraud-prevention.live immediately to cancel transfer.",1
Your doctor appointment is confirmed for Thursday at 3:00 PM. Reply 1 to confirm.,0
URGENT NOTICE [413]: USPS: Your delivery package is on hold due to incorrect address. Pay $1.99 redelivery fee at http://usps-redelivery-support.click to avoid package return.,1
WhatsApp Security: Your WhatsApp account will be deleted within 24h. Send the 6-digit SMS verification code to verify your phone number.,1
"URGENT NOTICE [291]: Security Alert: Unusual login detected on your PayPal account from Russia. If this wasn't you, verify your identity immediately at http://paypal.security-update.xyz/login",1
Your verification code is 482910. Do not share this with anyone. Expires in 10 mins. Thanks!,0
Apple Support: Your iPhone was located near Chicago. Sign in with your Apple ID and password at http://appleid.icloud-locate.cf to view location map.,1
"URGENT NOTICE [721]: Earn $500 to $2,000 daily working from home! Guaranteed return on crypto investment. Deposit 0.05 BTC to double your money in 24 hours.",1
"Hi there, your doctor appointment is confirmed for thursday at 3:00 pm. reply 1 to confirm.",0
ATTENTION: YOUR WELLS FARGO ACCOUNT HAS BEEN LOCKED. ENTER YOUR OTP AND DEBIT CARD PIN AT HTTP://WELLSFARGO.VERIFY-ID.WORK TO RESTORE ACCESS.,1
"Hey, are we still meeting for lunch at 12:30 pm today? Thanks!",0
URGENT NOTICE [168]: URGENT: Your Bank of America debit card has been SUSPENDED due to suspicious activity. Click http://192.168.1.1/bofa-verify to unlock your card within 2 hours!,1
"URGENT: We detected an unauthorized wire transfer of $2,490 from your Chase account. Click http://chase-fraud-prevention.live immediately to cancel transfer.",1
USPS: Your delivery package is on hold due to incorrect address. Pay $1.99 redelivery fee at http://usps-redelivery-support.click to avoid package return. Reference Case #777192.,1
URGENT: YOUR BANK OF AMERICA DEBIT CARD HAS BEEN SUSPENDED DUE TO SUSPICIOUS ACTIVITY. CLICK HTTP://192.168.1.1/BOFA-VERIFY TO UNLOCK YOUR CARD WITHIN 2 HOURS!,1
"URGENT: We detected an unauthorized wire transfer of $2,490 from your Chase account. Click http://chase-fraud-prevention.live immediately to cancel transfer. Reference Case #525006.",1
"The weather forecast says it will rain this evening, remember to bring an umbrella. Ref ID: #5032",0
"Congratulations! You won the $1,500,000 international lottery! Send your bank details and $200 processing fee via Western Union to claim your prize now.",1
Your verification code is 482910. Do not share this with anyone. Expires in 10 mins.,0
Please find the meeting notes and action items from our earlier call. Thanks!,0
"Hi there, please find the meeting notes and action items from our earlier call.",0
"Hi there, attached is the weekly project status report for your review.",0
Attached is the weekly project status report for your review. Thanks!,0
"Hi there, hey team, the latest code pr has been reviewed and merged into main branch.",0
"Congratulations! You won the $1,500,000 international lottery! Send your bank details and $200 processing fee via Western Union to claim your prize now.",1
Your package from Amazon was delivered to your front porch. Ref ID: #5963,0
Your subscription renews automatically on Nov 15 for $9.99/mo.,0
Thank you for dining with us! Here is your e-receipt for $24.50. Ref ID: #8499,0
USPS: Your delivery package is on hold due to incorrect address. Pay $1.99 redelivery fee at http://usps-redelivery-support.click to avoid package return.,1
Your verification code is 482910. Do not share this with anyone. Expires in 10 mins.,0
"Earn $500 to $2,000 daily working from home! Guaranteed return on crypto investment. Deposit 0.05 BTC to double your money in 24 hours.",1
Please find the meeting notes and action items from our earlier call. Ref ID: #2743,0
FINAL NOTICE: IRS HAS FILED A LAWSUIT AGAINST YOU FOR TAX EVASION. CALL IMMEDIATELY AT 1-800-555-0199 OR POLICE WILL BE DISPATCHED TO YOUR LOCATION.,1
DHL Express: Package #948271 could not be delivered. Confirm payment of import duty customs fee immediately at http://dhl-express-duty.buzz Reference Case #695789.,1
Apple Support: Your iPhone was located near Chicago. Sign in with your Apple ID and password at http://appleid.icloud-locate.cf to view location map.,1
"Your flight AA104 is on schedule, boarding at gate B22.",0
"Hi there, please find the meeting notes and action items from our earlier call.",0
Your doctor appointment is confirmed for Thursday at 3:00 PM. Reply 1 to confirm.,0
Happy Birthday! Hope you have a wonderful celebration with family and friends!,0
URGENT NOTICE [819]: WhatsApp Security: Your WhatsApp account will be deleted within 24h. Send the 6-digit SMS verification code to verify your phone number.,1
Your verification code is 482910. Do not share this with anyone. Expires in 10 mins.,0
ATTENTION: Your Wells Fargo account has been locked. Enter your OTP and debit card PIN at http://wellsfargo.verify-id.work to restore access.,1
"DEAR CUSTOMER, YOUR NETFLIX SUBSCRIPTION EXPIRED. PLEASE UPDATE YOUR BILLING CREDIT CARD INFORMATION AT HTTP://NETFLIX-BILLING-RESOLVE.TOP TO PREVENT ACCOUNT CANCELLATION.",1
APPLE SUPPORT: YOUR IPHONE WAS LOCATED NEAR CHICAGO. SIGN IN WITH YOUR APPLE ID AND PASSWORD AT HTTP://APPLEID.ICLOUD-LOCATE.CF TO VIEW LOCATION MAP.,1
FINAL NOTICE: IRS HAS FILED A LAWSUIT AGAINST YOU FOR TAX EVASION. CALL IMMEDIATELY AT 1-800-555-0199 OR POLICE WILL BE DISPATCHED TO YOUR LOCATION.,1
ATTENTION: Your Wells Fargo account has been locked. Enter your OTP and debit card PIN at http://wellsfargo.verify-id.work to restore access. Reference Case #257199.,1
"Hey, are we still meeting for lunch at 12:30 pm today? Ref ID: #9151",0
ATTENTION: YOUR WELLS FARGO ACCOUNT HAS BEEN LOCKED. ENTER YOUR OTP AND DEBIT CARD PIN AT HTTP://WELLSFARGO.VERIFY-ID.WORK TO RESTORE ACCESS.,1
Please find the meeting notes and action items from our earlier call. Ref ID: #3511,0
Hey! Can you send me the lecture notes from today's machine learning class? Ref ID: #9494,0
Thank you for dining with us! Here is your e-receipt for $24.50.,0
Your verification code is 482910. Do not share this with anyone. Expires in 10 mins.,0
Your subscription renews automatically on Nov 15 for $9.99/mo. Ref ID: #8107,0
"Hi there, attached is the weekly project status report for your review.",0
"Dear Customer, your Netflix subscription expired. Please update your billing credit card information at http://netflix-billing-resolve.top to prevent account cancellation.",1
Thank you for dining with us! Here is your e-receipt for $24.50.,0
URGENT NOTICE [841]: FINAL NOTICE: IRS has filed a lawsuit against you for tax evasion. Call immediately at 1-800-555-0199 or police will be dispatched to your location.,1
Apple Support: Your iPhone was located near Chicago. Sign in with your Apple ID and password at http://appleid.icloud-locate.cf to view location map. Reference Case #253734.,1
"EARN $500 TO $2,000 DAILY WORKING FROM HOME! GUARANTEED RETURN ON CRYPTO INVESTMENT. DEPOSIT 0.05 BTC TO DOUBLE YOUR MONEY IN 24 HOURS.",1
"Hi there, your package from amazon was delivered to your front porch.",0
USPS: Your delivery package is on hold due to incorrect address. Pay $1.99 redelivery fee at http://usps-redelivery-support.click to avoid package return. Reference Case #860457.,1
"Hi there, your subscription renews automatically on nov 15 for $9.99/mo.",0
"Your flight AA104 is on schedule, boarding at gate B22. Thanks!",0
Your package from Amazon was delivered to your front porch.,0
"CONGRATULATIONS! YOU WON THE $1,500,000 INTERNATIONAL LOTTERY! SEND YOUR BANK DETAILS AND $200 PROCESSING FEE VIA WESTERN UNION TO CLAIM YOUR PRIZE NOW.",1
WHATSAPP SECURITY: YOUR WHATSAPP ACCOUNT WILL BE DELETED WITHIN 24H. SEND THE 6-DIGIT SMS VERIFICATION CODE TO VERIFY YOUR PHONE NUMBER.,1
"Your flight AA104 is on schedule, boarding at gate B22.",0
USPS: Your delivery package is on hold due to incorrect address. Pay $1.99 redelivery fee at http://usps-redelivery-support.click to avoid package return. Reference Case #799107.,1
ATTENTION: Your Wells Fargo account has been locked. Enter your OTP and debit card PIN at http://wellsfargo.verify-id.work to restore access.,1
USPS: Your delivery package is on hold due to incorrect address. Pay $1.99 redelivery fee at http://usps-redelivery-support.click to avoid package return.,1
Your package from Amazon was delivered to your front porch. Ref ID: #1589,0
WhatsApp Security: Your WhatsApp account will be deleted within 24h. Send the 6-digit SMS verification code to verify your phone number.,1
"Hi mom, I just arrived safely at the hotel. Talk to you tonight!",0
Apple Support: Your iPhone was located near Chicago. Sign in with your Apple ID and password at http://appleid.icloud-locate.cf to view location map. Reference Case #255130.,1
Your verification code is 482910. Do not share this with anyone. Expires in 10 mins. Ref ID: #6028,0
"CONGRATULATIONS! YOU WON THE $1,500,000 INTERNATIONAL LOTTERY! SEND YOUR BANK DETAILS AND $200 PROCESSING FEE VIA WESTERN UNION TO CLAIM YOUR PRIZE NOW.",1
"URGENT NOTICE [251]: Security Alert: Unusual login detected on your PayPal account from Russia. If this wasn't you, verify your identity immediately at http://paypal.security-update.xyz/login",1
"Dear Customer, your Netflix subscription expired. Please update your billing credit card information at http://netflix-billing-resolve.top to prevent account cancellation. Reference Case #118785.",1
"Hey team, the latest code PR has been reviewed and merged into main branch. Thanks!",0
Your verification code is 482910. Do not share this with anyone. Expires in 10 mins. Ref ID: #1629,0
"Dear Customer, your Netflix subscription expired. Please update your billing credit card information at http://netflix-billing-resolve.top to prevent account cancellation. Reference Case #645059.",1
"Hi there, hey team, the latest code pr has been reviewed and merged into main branch.",0
Reminder: Team sprint retro begins at 10 AM tomorrow in Room 4B. Ref ID: #6248,0
"Hi there, your package from amazon was delivered to your front porch.",0
"URGENT: We detected an unauthorized wire transfer of $2,490 from your Chase account. Click http://chase-fraud-prevention.live immediately to cancel transfer.",1
"Hi there, hey, are we still meeting for lunch at 12:30 pm today?",0
"Congratulations! You won the $1,500,000 international lottery! Send your bank details and $200 processing fee via Western Union to claim your prize now. Reference Case #482003.",1
Your package from Amazon was delivered to your front porch. Thanks!,0
"Hi mom, I just arrived safely at the hotel. Talk to you tonight! Thanks!",0
"Hi there, reminder: team sprint retro begins at 10 am tomorrow in room 4b.",0
"The weather forecast says it will rain this evening, remember to bring an umbrella. Ref ID: #5441",0
USPS: YOUR DELIVERY PACKAGE IS ON HOLD DUE TO INCORRECT ADDRESS. PAY $1.99 REDELIVERY FEE AT HTTP://USPS-REDELIVERY-SUPPORT.CLICK TO AVOID PACKAGE RETURN.,1
"URGENT NOTICE [944]: Congratulations! You won the $1,500,000 international lottery! Send your bank details and $200 processing fee via Western Union to claim your prize now.",1
FINAL NOTICE: IRS has filed a lawsuit against you for tax evasion. Call immediately at 1-800-555-0199 or police will be dispatched to your location.,1
"URGENT NOTICE [206]: Security Alert: Unusual login detected on your PayPal account from Russia. If this wasn't you, verify your identity immediately at http://paypal.security-update.xyz/login",1
"DEAR CUSTOMER, YOUR NETFLIX SUBSCRIPTION EXPIRED. PLEASE UPDATE YOUR BILLING CREDIT CARD INFORMATION AT HTTP://NETFLIX-BILLING-RESOLVE.TOP TO PREVENT ACCOUNT CANCELLATION.",1
Apple Support: Your iPhone was located near Chicago. Sign in with your Apple ID and password at http://appleid.icloud-locate.cf to view location map.,1
"Earn $500 to $2,000 daily working from home! Guaranteed return on crypto investment. Deposit 0.05 BTC to double your money in 24 hours.",1
"URGENT NOTICE [562]: Security Alert: Unusual login detected on your PayPal account from Russia. If this wasn't you, verify your identity immediately at http://paypal.security-update.xyz/login",1
Happy Birthday! Hope you have a wonderful celebration with family and friends!,0
"The weather forecast says it will rain this evening, remember to bring an umbrella. Ref ID: #8128",0
"URGENT NOTICE [328]: URGENT: We detected an unauthorized wire transfer of $2,490 from your Chase account. Click http://chase-fraud-prevention.live immediately to cancel transfer.",1
URGENT NOTICE [424]: WhatsApp Security: Your WhatsApp account will be deleted within 24h. Send the 6-digit SMS verification code to verify your phone number.,1
URGENT NOTICE [926]: ATTENTION: Your Wells Fargo account has been locked. Enter your OTP and debit card PIN at http://wellsfargo.verify-id.work to restore access.,1
URGENT NOTICE [502]: URGENT: Your Bank of America debit card has been SUSPENDED due to suspicious activity. Click http://192.168.1.1/bofa-verify to unlock your card within 2 hours!,1
"Hi there, attached is the weekly project status report for your review.",0
"Hi there, your verification code is 482910. do not share this with anyone. expires in 10 mins.",0
Attached is the weekly project status report for your review. Ref ID: #7426,0
"Hi there, hey! can you send me the lecture notes from today's machine learning class?",0
"SECURITY ALERT: UNUSUAL LOGIN DETECTED ON YOUR PAYPAL ACCOUNT FROM RUSSIA. IF THIS WASN'T YOU, VERIFY YOUR IDENTITY IMMEDIATELY AT HTTP://PAYPAL.SECURITY-UPDATE.XYZ/LOGIN",1
FINAL NOTICE: IRS HAS FILED A LAWSUIT AGAINST YOU FOR TAX EVASION. CALL IMMEDIATELY AT 1-800-555-0199 OR POLICE WILL BE DISPATCHED TO YOUR LOCATION.,1
Hey! Can you send me the lecture notes from today's machine learning class? Thanks!,0
Your doctor appointment is confirmed for Thursday at 3:00 PM. Reply 1 to confirm.,0
Your package from Amazon was delivered to your front porch. Thanks!,0
"URGENT: WE DETECTED AN UNAUTHORIZED WIRE TRANSFER OF $2,490 FROM YOUR CHASE ACCOUNT. CLICK HTTP://CHASE-FRAUD-PREVENTION.LIVE IMMEDIATELY TO CANCEL TRANSFER.",1
USPS: YOUR DELIVERY PACKAGE IS ON HOLD DUE TO INCORRECT ADDRESS. PAY $1.99 REDELIVERY FEE AT HTTP://USPS-REDELIVERY-SUPPORT.CLICK TO AVOID PACKAGE RETURN.,1
Happy Birthday! Hope you have a wonderful celebration with family and friends!,0
Your doctor appointment is confirmed for Thursday at 3:00 PM. Reply 1 to confirm. Ref ID: #3694,0
ATTENTION: Your Wells Fargo account has been locked. Enter your OTP and debit card PIN at http://wellsfargo.verify-id.work to restore access. Reference Case #303071.,1
FINAL NOTICE: IRS HAS FILED A LAWSUIT AGAINST YOU FOR TAX EVASION. CALL IMMEDIATELY AT 1-800-555-0199 OR POLICE WILL BE DISPATCHED TO YOUR LOCATION.,1
URGENT NOTICE [514]: DHL Express: Package #948271 could not be delivered. Confirm payment of import duty customs fee immediately at http://dhl-express-duty.buzz,1
URGENT NOTICE [297]: WhatsApp Security: Your WhatsApp account will be deleted within 24h. Send the 6-digit SMS verification code to verify your phone number.,1
"Hey team, the latest code PR has been reviewed and merged into main branch. Thanks!",0
"EARN $500 TO $2,000 DAILY WORKING FROM HOME! GUARANTEED RETURN ON CRYPTO INVESTMENT. DEPOSIT 0.05 BTC TO DOUBLE YOUR MONEY IN 24 HOURS.",1
Attached is the weekly project status report for your review. Ref ID: #7382,0
"Dear Customer, your Netflix subscription expired. Please update your billing credit card information at http://netflix-billing-resolve.top to prevent account cancellation.",1
Your verification code is 482910. Do not share this with anyone. Expires in 10 mins. Thanks!,0
URGENT: YOUR BANK OF AMERICA DEBIT CARD HAS BEEN SUSPENDED DUE TO SUSPICIOUS ACTIVITY. CLICK HTTP://192.168.1.1/BOFA-VERIFY TO UNLOCK YOUR CARD WITHIN 2 HOURS!,1
"The weather forecast says it will rain this evening, remember to bring an umbrella. Thanks!",0
URGENT NOTICE [802]: WhatsApp Security: Your WhatsApp account will be deleted within 24h. Send the 6-digit SMS verification code to verify your phone number.,1
"Hey team, the latest code PR has been reviewed and merged into main branch.",0
"Hi there, your flight aa104 is on schedule, boarding at gate b22.",0
Please find the meeting notes and action items from our earlier call.,0
Happy Birthday! Hope you have a wonderful celebration with family and friends!,0
WhatsApp Security: Your WhatsApp account will be deleted within 24h. Send the 6-digit SMS verification code to verify your phone number.,1
"URGENT: We detected an unauthorized wire transfer of $2,490 from your Chase account. Click http://chase-fraud-prevention.live immediately to cancel transfer.",1
ATTENTION: YOUR WELLS FARGO ACCOUNT HAS BEEN LOCKED. ENTER YOUR OTP AND DEBIT CARD PIN AT HTTP://WELLSFARGO.VERIFY-ID.WORK TO RESTORE ACCESS.,1
"Hi there, attached is the weekly project status report for your review.",0
"Hi there, please find the meeting notes and action items from our earlier call.",0
"Your flight AA104 is on schedule, boarding at gate B22. Thanks!",0
Your doctor appointment is confirmed for Thursday at 3:00 PM. Reply 1 to confirm.,0
"Congratulations! You won the $1,500,000 international lottery! Send your bank details and $200 processing fee via Western Union to claim your prize now.",1
"Hey team, the latest code PR has been reviewed and merged into main branch.",0
"URGENT NOTICE [523]: Security Alert: Unusual login detected on your PayPal account from Russia. If this wasn't you, verify your identity immediately at http://paypal.security-update.xyz/login",1
URGENT NOTICE [664]: Apple Support: Your iPhone was located near Chicago. Sign in with your Apple ID and password at http://appleid.icloud-locate.cf to view location map.,1
"DEAR CUSTOMER, YOUR NETFLIX SUBSCRIPTION EXPIRED. PLEASE UPDATE YOUR BILLING CREDIT CARD INFORMATION AT HTTP://NETFLIX-BILLING-RESOLVE.TOP TO PREVENT ACCOUNT CANCELLATION.",1
"Security Alert: Unusual login detected on your PayPal account from Russia. If this wasn't you, verify your identity immediately at http://paypal.security-update.xyz/login",1
"Hi there, happy birthday! hope you have a wonderful celebration with family and friends!",0
URGENT: Your Bank of America debit card has been SUSPENDED due to suspicious activity. Click http://192.168.1.1/bofa-verify to unlock your card within 2 hours! Reference Case #605339.,1
"Hi there, hey! can you send me the lecture notes from today's machine learning class?",0
"URGENT NOTICE [926]: Security Alert: Unusual login detected on your PayPal account from Russia. If this wasn't you, verify your identity immediately at http://paypal.security-update.xyz/login",1
Apple Support: Your iPhone was located near Chicago. Sign in with your Apple ID and password at http://appleid.icloud-locate.cf to view location map.,1
"The weather forecast says it will rain this evening, remember to bring an umbrella. Thanks!",0
USPS: YOUR DELIVERY PACKAGE IS ON HOLD DUE TO INCORRECT ADDRESS. PAY $1.99 REDELIVERY FEE AT HTTP://USPS-REDELIVERY-SUPPORT.CLICK TO AVOID PACKAGE RETURN.,1
"URGENT NOTICE [963]: Dear Customer, your Netflix subscription expired. Please update your billing credit card information at http://netflix-billing-resolve.top to prevent account cancellation.",1
Your package from Amazon was delivered to your front porch. Ref ID: #9040,0
"Hey, are we still meeting for lunch at 12:30 pm today? Thanks!",0
Your subscription renews automatically on Nov 15 for $9.99/mo. Thanks!,0
URGENT: Your Bank of America debit card has been SUSPENDED due to suspicious activity. Click http://192.168.1.1/bofa-verify to unlock your card within 2 hours! Reference Case #862564.,1
FINAL NOTICE: IRS has filed a lawsuit against you for tax evasion. Call immediately at 1-800-555-0199 or police will be dispatched to your location.,1
Thank you for dining with us! Here is your e-receipt for $24.50.,0
"Congratulations! You won the $1,500,000 international lottery! Send your bank details and $200 processing fee via Western Union to claim your prize now.",1
Apple Support: Your iPhone was located near Chicago. Sign in with your Apple ID and password at http://appleid.icloud-locate.cf to view location map.,1
USPS: Your delivery package is on hold due to incorrect address. Pay $1.99 redelivery fee at http://usps-redelivery-support.click to avoid package return.,1
Reminder: Team sprint retro begins at 10 AM tomorrow in Room 4B.,0
Reminder: Team sprint retro begins at 10 AM tomorrow in Room 4B. Ref ID: #7236,0
Hey! Can you send me the lecture notes from today's machine learning class? Thanks!,0
"CONGRATULATIONS! YOU WON THE $1,500,000 INTERNATIONAL LOTTERY! SEND YOUR BANK DETAILS AND $200 PROCESSING FEE VIA WESTERN UNION TO CLAIM YOUR PRIZE NOW.",1
"URGENT NOTICE [521]: Dear Customer, your Netflix subscription expired. Please update your billing credit card information at http://netflix-billing-resolve.top to prevent account cancellation.",1
"The weather forecast says it will rain this evening, remember to bring an umbrella. Ref ID: #5214",0
URGENT NOTICE [669]: USPS: Your delivery package is on hold due to incorrect address. Pay $1.99 redelivery fee at http://usps-redelivery-support.click to avoid package return.,1
FINAL NOTICE: IRS HAS FILED A LAWSUIT AGAINST YOU FOR TAX EVASION. CALL IMMEDIATELY AT 1-800-555-0199 OR POLICE WILL BE DISPATCHED TO YOUR LOCATION.,1
"URGENT: We detected an unauthorized wire transfer of $2,490 from your Chase account. Click http://chase-fraud-prevention.live immediately to cancel transfer.",1
"URGENT NOTICE [733]: Security Alert: Unusual login detected on your PayPal account from Russia. If this wasn't you, verify your identity immediately at http://paypal.security-update.xyz/login",1
"URGENT: We detected an unauthorized wire transfer of $2,490 from your Chase account. Click http://chase-fraud-prevention.live immediately to cancel transfer. Reference Case #635747.",1
URGENT NOTICE [967]: URGENT: Your Bank of America debit card has been SUSPENDED due to suspicious activity. Click http://192.168.1.1/bofa-verify to unlock your card within 2 hours!,1
URGENT NOTICE [131]: DHL Express: Package #948271 could not be delivered. Confirm payment of import duty customs fee immediately at http://dhl-express-duty.buzz,1
"SECURITY ALERT: UNUSUAL LOGIN DETECTED ON YOUR PAYPAL ACCOUNT FROM RUSSIA. IF THIS WASN'T YOU, VERIFY YOUR IDENTITY IMMEDIATELY AT HTTP://PAYPAL.SECURITY-UPDATE.XYZ/LOGIN",1
Your doctor appointment is confirmed for Thursday at 3:00 PM. Reply 1 to confirm. Thanks!,0
"Hey, are we still meeting for lunch at 12:30 pm today? Thanks!",0
"Earn $500 to $2,000 daily working from home! Guaranteed return on crypto investment. Deposit 0.05 BTC to double your money in 24 hours. Reference Case #672199.",1
USPS: YOUR DELIVERY PACKAGE IS ON HOLD DUE TO INCORRECT ADDRESS. PAY $1.99 REDELIVERY FEE AT HTTP://USPS-REDELIVERY-SUPPORT.CLICK TO AVOID PACKAGE RETURN.,1
"Hey, are we still meeting for lunch at 12:30 pm today?",0
Your doctor appointment is confirmed for Thursday at 3:00 PM. Reply 1 to confirm. Ref ID: #1651,0
"Earn $500 to $2,000 daily working from home! Guaranteed return on crypto investment. Deposit 0.05 BTC to double your money in 24 hours. Reference Case #241250.",1
Reminder: Team sprint retro begins at 10 AM tomorrow in Room 4B. Thanks!,0
"Hi there, hey team, the latest code pr has been reviewed and merged into main branch.",0
DHL EXPRESS: PACKAGE #948271 COULD NOT BE DELIVERED. CONFIRM PAYMENT OF IMPORT DUTY CUSTOMS FEE IMMEDIATELY AT HTTP://DHL-EXPRESS-DUTY.BUZZ,1
URGENT NOTICE [177]: URGENT: Your Bank of America debit card has been SUSPENDED due to suspicious activity. Click http://192.168.1.1/bofa-verify to unlock your card within 2 hours!,1
"CONGRATULATIONS! YOU WON THE $1,500,000 INTERNATIONAL LOTTERY! SEND YOUR BANK DETAILS AND $200 PROCESSING FEE VIA WESTERN UNION TO CLAIM YOUR PRIZE NOW.",1
FINAL NOTICE: IRS has filed a lawsuit against you for tax evasion. Call immediately at 1-800-555-0199 or police will be dispatched to your location.,1
"Hi there, attached is the weekly project status report for your review.",0
"Hi there, your doctor appointment is confirmed for thursday at 3:00 pm. reply 1 to confirm.",0
"Earn $500 to $2,000 daily working from home! Guaranteed return on crypto investment. Deposit 0.05 BTC to double your money in 24 hours. Reference Case #875070.",1
Thank you for dining with us! Here is your e-receipt for $24.50. Thanks!,0
Your subscription renews automatically on Nov 15 for $9.99/mo.,0
Reminder: Team sprint retro begins at 10 AM tomorrow in Room 4B.,0
"Hi there, hey, are we still meeting for lunch at 12:30 pm today?",0
URGENT NOTICE [868]: USPS: Your delivery package is on hold due to incorrect address. Pay $1.99 redelivery fee at http://usps-redelivery-support.click to avoid package return.,1
Your verification code is 482910. Do not share this with anyone. Expires in 10 mins. Thanks!,0
Attached is the weekly project status report for your review. Ref ID: #6547,0
"Hey team, the latest code PR has been reviewed and merged into main branch. Thanks!",0
Hey! Can you send me the lecture notes from today's machine learning class? Ref ID: #4060,0
"Hi there, your flight aa104 is on schedule, boarding at gate b22.",0
"The weather forecast says it will rain this evening, remember to bring an umbrella. Ref ID: #6605",0
"Hey team, the latest code PR has been reviewed and merged into main branch. Ref ID: #2700",0
"Hi there, please find the meeting notes and action items from our earlier call.",0
"The weather forecast says it will rain this evening, remember to bring an umbrella. Ref ID: #7140",0
Your verification code is 482910. Do not share this with anyone. Expires in 10 mins.,0
"URGENT: We detected an unauthorized wire transfer of $2,490 from your Chase account. Click http://chase-fraud-prevention.live immediately to cancel transfer. Reference Case #700611.",1
Please find the meeting notes and action items from our earlier call. Ref ID: #1358,0
URGENT: YOUR BANK OF AMERICA DEBIT CARD HAS BEEN SUSPENDED DUE TO SUSPICIOUS ACTIVITY. CLICK HTTP://192.168.1.1/BOFA-VERIFY TO UNLOCK YOUR CARD WITHIN 2 HOURS!,1
"EARN $500 TO $2,000 DAILY WORKING FROM HOME! GUARANTEED RETURN ON CRYPTO INVESTMENT. DEPOSIT 0.05 BTC TO DOUBLE YOUR MONEY IN 24 HOURS.",1
Reminder: Team sprint retro begins at 10 AM tomorrow in Room 4B. Thanks!,0
ATTENTION: Your Wells Fargo account has been locked. Enter your OTP and debit card PIN at http://wellsfargo.verify-id.work to restore access. Reference Case #768280.,1
"Congratulations! You won the $1,500,000 international lottery! Send your bank details and $200 processing fee via Western Union to claim your prize now. Reference Case #443279.",1
"Hey, are we still meeting for lunch at 12:30 pm today? Thanks!",0
USPS: YOUR DELIVERY PACKAGE IS ON HOLD DUE TO INCORRECT ADDRESS. PAY $1.99 REDELIVERY FEE AT HTTP://USPS-REDELIVERY-SUPPORT.CLICK TO AVOID PACKAGE RETURN.,1
"DEAR CUSTOMER, YOUR NETFLIX SUBSCRIPTION EXPIRED. PLEASE UPDATE YOUR BILLING CREDIT CARD INFORMATION AT HTTP://NETFLIX-BILLING-RESOLVE.TOP TO PREVENT ACCOUNT CANCELLATION.",1
"Hi there, your verification code is 482910. do not share this with anyone. expires in 10 mins.",0
"Your flight AA104 is on schedule, boarding at gate B22. Ref ID: #3576",0
"URGENT: WE DETECTED AN UNAUTHORIZED WIRE TRANSFER OF $2,490 FROM YOUR CHASE ACCOUNT. CLICK HTTP://CHASE-FRAUD-PREVENTION.LIVE IMMEDIATELY TO CANCEL TRANSFER.",1
"Congratulations! You won the $1,500,000 international lottery! Send your bank details and $200 processing fee via Western Union to claim your prize now.",1
DHL Express: Package #948271 could not be delivered. Confirm payment of import duty customs fee immediately at http://dhl-express-duty.buzz,1
"Your flight AA104 is on schedule, boarding at gate B22. Ref ID: #9824",0
"Hi there, hi mom, i just arrived safely at the hotel. talk to you tonight!",0
"URGENT NOTICE [836]: Earn $500 to $2,000 daily working from home! Guaranteed return on crypto investment. Deposit 0.05 BTC to double your money in 24 hours.",1
"Hi there, attached is the weekly project status report for your review.",0
"Hi there, please find the meeting notes and action items from our earlier call.",0
"Hi mom, I just arrived safely at the hotel. Talk to you tonight! Ref ID: #5699",0
"URGENT: We detected an unauthorized wire transfer of $2,490 from your Chase account. Click http://chase-fraud-prevention.live immediately to cancel transfer.",1
"URGENT NOTICE [193]: Congratulations! You won the $1,500,000 international lottery! Send your bank details and $200 processing fee via Western Union to claim your prize now.",1
Your subscription renews automatically on Nov 15 for $9.99/mo. Ref ID: #5315,0
"Congratulations! You won the $1,500,000 international lottery! Send your bank details and $200 processing fee via Western Union to claim your prize now.",1
"CONGRATULATIONS! YOU WON THE $1,500,000 INTERNATIONAL LOTTERY! SEND YOUR BANK DETAILS AND $200 PROCESSING FEE VIA WESTERN UNION TO CLAIM YOUR PRIZE NOW.",1
Please find the meeting notes and action items from our earlier call. Thanks!,0
FINAL NOTICE: IRS has filed a lawsuit against you for tax evasion. Call immediately at 1-800-555-0199 or police will be dispatched to your location. Reference Case #728098.,1
URGENT NOTICE [791]: DHL Express: Package #948271 could not be delivered. Confirm payment of import duty customs fee immediately at http://dhl-express-duty.buzz,1
"Hi there, hi mom, i just arrived safely at the hotel. talk to you tonight!",0
"Your flight AA104 is on schedule, boarding at gate B22.",0
"Earn $500 to $2,000 daily working from home! Guaranteed return on crypto investment. Deposit 0.05 BTC to double your money in 24 hours. Reference Case #387202.",1
Reminder: Team sprint retro begins at 10 AM tomorrow in Room 4B. Ref ID: #7306,0
Your subscription renews automatically on Nov 15 for $9.99/mo. Thanks!,0
Your doctor appointment is confirmed for Thursday at 3:00 PM. Reply 1 to confirm. Thanks!,0
USPS: Your delivery package is on hold due to incorrect address. Pay $1.99 redelivery fee at http://usps-redelivery-support.click to avoid package return.,1
URGENT NOTICE [890]: URGENT: Your Bank of America debit card has been SUSPENDED due to suspicious activity. Click http://192.168.1.1/bofa-verify to unlock your card within 2 hours!,1
WHATSAPP SECURITY: YOUR WHATSAPP ACCOUNT WILL BE DELETED WITHIN 24H. SEND THE 6-DIGIT SMS VERIFICATION CODE TO VERIFY YOUR PHONE NUMBER.,1
"Hi there, happy birthday! hope you have a wonderful celebration with family and friends!",0
ATTENTION: YOUR WELLS FARGO ACCOUNT HAS BEEN LOCKED. ENTER YOUR OTP AND DEBIT CARD PIN AT HTTP://WELLSFARGO.VERIFY-ID.WORK TO RESTORE ACCESS.,1
DHL Express: Package #948271 could not be delivered. Confirm payment of import duty customs fee immediately at http://dhl-express-duty.buzz,1
Your doctor appointment is confirmed for Thursday at 3:00 PM. Reply 1 to confirm. Ref ID: #1645,0
"Hi there, happy birthday! hope you have a wonderful celebration with family and friends!",0
USPS: Your delivery package is on hold due to incorrect address. Pay $1.99 redelivery fee at http://usps-redelivery-support.click to avoid package return. Reference Case #199937.,1
ATTENTION: Your Wells Fargo account has been locked. Enter your OTP and debit card PIN at http://wellsfargo.verify-id.work to restore access.,1
Happy Birthday! Hope you have a wonderful celebration with family and friends! Ref ID: #4811,0
"Security Alert: Unusual login detected on your PayPal account from Russia. If this wasn't you, verify your identity immediately at http://paypal.security-update.xyz/login Reference Case #753323.",1
Thank you for dining with us! Here is your e-receipt for $24.50.,0
Your doctor appointment is confirmed for Thursday at 3:00 PM. Reply 1 to confirm.,0
"DEAR CUSTOMER, YOUR NETFLIX SUBSCRIPTION EXPIRED. PLEASE UPDATE YOUR BILLING CREDIT CARD INFORMATION AT HTTP://NETFLIX-BILLING-RESOLVE.TOP TO PREVENT ACCOUNT CANCELLATION.",1
Happy Birthday! Hope you have a wonderful celebration with family and friends! Thanks!,0
"Hi there, the weather forecast says it will rain this evening, remember to bring an umbrella.",0
Please find the meeting notes and action items from our earlier call. Thanks!,0
"Your flight AA104 is on schedule, boarding at gate B22. Thanks!",0
APPLE SUPPORT: YOUR IPHONE WAS LOCATED NEAR CHICAGO. SIGN IN WITH YOUR APPLE ID AND PASSWORD AT HTTP://APPLEID.ICLOUD-LOCATE.CF TO VIEW LOCATION MAP.,1
Attached is the weekly project status report for your review.,0
"Security Alert: Unusual login detected on your PayPal account from Russia. If this wasn't you, verify your identity immediately at http://paypal.security-update.xyz/login Reference Case #729602.",1
"The weather forecast says it will rain this evening, remember to bring an umbrella. Ref ID: #4129",0
ATTENTION: YOUR WELLS FARGO ACCOUNT HAS BEEN LOCKED. ENTER YOUR OTP AND DEBIT CARD PIN AT HTTP://WELLSFARGO.VERIFY-ID.WORK TO RESTORE ACCESS.,1
Apple Support: Your iPhone was located near Chicago. Sign in with your Apple ID and password at http://appleid.icloud-locate.cf to view location map.,1
"URGENT NOTICE [905]: URGENT: We detected an unauthorized wire transfer of $2,490 from your Chase account. Click http://chase-fraud-prevention.live immediately to cancel transfer.",1
"URGENT: We detected an unauthorized wire transfer of $2,490 from your Chase account. Click http://chase-fraud-prevention.live immediately to cancel transfer.",1
"SECURITY ALERT: UNUSUAL LOGIN DETECTED ON YOUR PAYPAL ACCOUNT FROM RUSSIA. IF THIS WASN'T YOU, VERIFY YOUR IDENTITY IMMEDIATELY AT HTTP://PAYPAL.SECURITY-UPDATE.XYZ/LOGIN",1
"Hi there, hey, are we still meeting for lunch at 12:30 pm today?",0
Thank you for dining with us! Here is your e-receipt for $24.50. Thanks!,0
Your package from Amazon was delivered to your front porch.,0
Thank you for dining with us! Here is your e-receipt for $24.50. Ref ID: #7712,0
Happy Birthday! Hope you have a wonderful celebration with family and friends! Ref ID: #5525,0
DHL Express: Package #948271 could not be delivered. Confirm payment of import duty customs fee immediately at http://dhl-express-duty.buzz,1
"Your flight AA104 is on schedule, boarding at gate B22. Ref ID: #6074",0
WhatsApp Security: Your WhatsApp account will be deleted within 24h. Send the 6-digit SMS verification code to verify your phone number.,1
URGENT NOTICE [469]: WhatsApp Security: Your WhatsApp account will be deleted within 24h. Send the 6-digit SMS verification code to verify your phone number.,1
URGENT NOTICE [143]: DHL Express: Package #948271 could not be delivered. Confirm payment of import duty customs fee immediately at http://dhl-express-duty.buzz,1
"SECURITY ALERT: UNUSUAL LOGIN DETECTED ON YOUR PAYPAL ACCOUNT FROM RUSSIA. IF THIS WASN'T YOU, VERIFY YOUR IDENTITY IMMEDIATELY AT HTTP://PAYPAL.SECURITY-UPDATE.XYZ/LOGIN",1
URGENT NOTICE [225]: Apple Support: Your iPhone was located near Chicago. Sign in with your Apple ID and password at http://appleid.icloud-locate.cf to view location map.,1
URGENT NOTICE [327]: DHL Express: Package #948271 could not be delivered. Confirm payment of import duty customs fee immediately at http://dhl-express-duty.buzz,1
FINAL NOTICE: IRS has filed a lawsuit against you for tax evasion. Call immediately at 1-800-555-0199 or police will be dispatched to your location. Reference Case #741597.,1
Happy Birthday! Hope you have a wonderful celebration with family and friends! Ref ID: #7723,0
"Hi there, please find the meeting notes and action items from our earlier call.",0
"URGENT NOTICE [564]: Dear Customer, your Netflix subscription expired. Please update your billing credit card information at http://netflix-billing-resolve.top to prevent account cancellation.",1
"Security Alert: Unusual login detected on your PayPal account from Russia. If this wasn't you, verify your identity immediately at http://paypal.security-update.xyz/login",1
"The weather forecast says it will rain this evening, remember to bring an umbrella. Ref ID: #7142",0
Happy Birthday! Hope you have a wonderful celebration with family and friends!,0
Hey! Can you send me the lecture notes from today's machine learning class? Ref ID: #4013,0
Reminder: Team sprint retro begins at 10 AM tomorrow in Room 4B.,0
"URGENT: WE DETECTED AN UNAUTHORIZED WIRE TRANSFER OF $2,490 FROM YOUR CHASE ACCOUNT. CLICK HTTP://CHASE-FRAUD-PREVENTION.LIVE IMMEDIATELY TO CANCEL TRANSFER.",1
URGENT NOTICE [387]: ATTENTION: Your Wells Fargo account has been locked. Enter your OTP and debit card PIN at http://wellsfargo.verify-id.work to restore access.,1
FINAL NOTICE: IRS has filed a lawsuit against you for tax evasion. Call immediately at 1-800-555-0199 or police will be dispatched to your location. Reference Case #774254.,1
"Hi mom, I just arrived safely at the hotel. Talk to you tonight!",0
"Dear Customer, your Netflix subscription expired. Please update your billing credit card information at http://netflix-billing-resolve.top to prevent account cancellation. Reference Case #734656.",1
ATTENTION: YOUR WELLS FARGO ACCOUNT HAS BEEN LOCKED. ENTER YOUR OTP AND DEBIT CARD PIN AT HTTP://WELLSFARGO.VERIFY-ID.WORK TO RESTORE ACCESS.,1
ATTENTION: Your Wells Fargo account has been locked. Enter your OTP and debit card PIN at http://wellsfargo.verify-id.work to restore access. Reference Case #114436.,1
Your package from Amazon was delivered to your front porch. Thanks!,0
URGENT NOTICE [266]: ATTENTION: Your Wells Fargo account has been locked. Enter your OTP and debit card PIN at http://wellsfargo.verify-id.work to restore access.,1
"URGENT NOTICE [167]: Security Alert: Unusual login detected on your PayPal account from Russia. If this wasn't you, verify your identity immediately at http://paypal.security-update.xyz/login",1
"Hi there, your package from amazon was delivered to your front porch.",0
"DEAR CUSTOMER, YOUR NETFLIX SUBSCRIPTION EXPIRED. PLEASE UPDATE YOUR BILLING CREDIT CARD INFORMATION AT HTTP://NETFLIX-BILLING-RESOLVE.TOP TO PREVENT ACCOUNT CANCELLATION.",1
Your package from Amazon was delivered to your front porch. Ref ID: #5525,0
USPS: YOUR DELIVERY PACKAGE IS ON HOLD DUE TO INCORRECT ADDRESS. PAY $1.99 REDELIVERY FEE AT HTTP://USPS-REDELIVERY-SUPPORT.CLICK TO AVOID PACKAGE RETURN.,1
Please find the meeting notes and action items from our earlier call.,0
WhatsApp Security: Your WhatsApp account will be deleted within 24h. Send the 6-digit SMS verification code to verify your phone number. Reference Case #198039.,1
ATTENTION: Your Wells Fargo account has been locked. Enter your OTP and debit card PIN at http://wellsfargo.verify-id.work to restore access.,1
Hey! Can you send me the lecture notes from today's machine learning class? Ref ID: #1672,0
"Hey, are we still meeting for lunch at 12:30 pm today? Ref ID: #8358",0
URGENT NOTICE [107]: WhatsApp Security: Your WhatsApp account will be deleted within 24h. Send the 6-digit SMS verification code to verify your phone number.,1
"Congratulations! You won the $1,500,000 international lottery! Send your bank details and $200 processing fee via Western Union to claim your prize now. Reference Case #549359.",1
Attached is the weekly project status report for your review. Ref ID: #7402,0
URGENT: YOUR BANK OF AMERICA DEBIT CARD HAS BEEN SUSPENDED DUE TO SUSPICIOUS ACTIVITY. CLICK HTTP://192.168.1.1/BOFA-VERIFY TO UNLOCK YOUR CARD WITHIN 2 HOURS!,1
USPS: Your delivery package is on hold due to incorrect address. Pay $1.99 redelivery fee at http://usps-redelivery-support.click to avoid package return. Reference Case #623273.,1
Attached is the weekly project status report for your review.,0
DHL Express: Package #948271 could not be delivered. Confirm payment of import duty customs fee immediately at http://dhl-express-duty.buzz Reference Case #817297.,1
DHL Express: Package #948271 could not be delivered. Confirm payment of import duty customs fee immediately at http://dhl-express-duty.buzz Reference Case #156962.,1
"Hi there, hi mom, i just arrived safely at the hotel. talk to you tonight!",0
"Dear Customer, your Netflix subscription expired. Please update your billing credit card information at http://netflix-billing-resolve.top to prevent account cancellation.",1
Your verification code is 482910. Do not share this with anyone. Expires in 10 mins. Thanks!,0
URGENT: Your Bank of America debit card has been SUSPENDED due to suspicious activity. Click http://192.168.1.1/bofa-verify to unlock your card within 2 hours! Reference Case #477861.,1
Your doctor appointment is confirmed for Thursday at 3:00 PM. Reply 1 to confirm.,0
URGENT NOTICE [539]: WhatsApp Security: Your WhatsApp account will be deleted within 24h. Send the 6-digit SMS verification code to verify your phone number.,1
URGENT NOTICE [577]: Apple Support: Your iPhone was located near Chicago. Sign in with your Apple ID and password at http://appleid.icloud-locate.cf to view location map.,1
"DEAR CUSTOMER, YOUR NETFLIX SUBSCRIPTION EXPIRED. PLEASE UPDATE YOUR BILLING CREDIT CARD INFORMATION AT HTTP://NETFLIX-BILLING-RESOLVE.TOP TO PREVENT ACCOUNT CANCELLATION.",1
URGENT: YOUR BANK OF AMERICA DEBIT CARD HAS BEEN SUSPENDED DUE TO SUSPICIOUS ACTIVITY. CLICK HTTP://192.168.1.1/BOFA-VERIFY TO UNLOCK YOUR CARD WITHIN 2 HOURS!,1
USPS: Your delivery package is on hold due to incorrect address. Pay $1.99 redelivery fee at http://usps-redelivery-support.click to avoid package return.,1
"Hi there, hey, are we still meeting for lunch at 12:30 pm today?",0
"Earn $500 to $2,000 daily working from home! Guaranteed return on crypto investment. Deposit 0.05 BTC to double your money in 24 hours.",1
"Security Alert: Unusual login detected on your PayPal account from Russia. If this wasn't you, verify your identity immediately at http://paypal.security-update.xyz/login",1
Happy Birthday! Hope you have a wonderful celebration with family and friends!,0
Apple Support: Your iPhone was located near Chicago. Sign in with your Apple ID and password at http://appleid.icloud-locate.cf to view location map. Reference Case #948708.,1
Your package from Amazon was delivered to your front porch.,0
Attached is the weekly project status report for your review. Thanks!,0
URGENT NOTICE [655]: DHL Express: Package #948271 could not be delivered. Confirm payment of import duty customs fee immediately at http://dhl-express-duty.buzz,1
"Your flight AA104 is on schedule, boarding at gate B22. Ref ID: #1558",0
FINAL NOTICE: IRS has filed a lawsuit against you for tax evasion. Call immediately at 1-800-555-0199 or police will be dispatched to your location. Reference Case #199168.,1
URGENT NOTICE [232]: FINAL NOTICE: IRS has filed a lawsuit against you for tax evasion. Call immediately at 1-800-555-0199 or police will be dispatched to your location.,1
Reminder: Team sprint retro begins at 10 AM tomorrow in Room 4B. Ref ID: #4346,0
"Congratulations! You won the $1,500,000 international lottery! Send your bank details and $200 processing fee via Western Union to claim your prize now.",1
"SECURITY ALERT: UNUSUAL LOGIN DETECTED ON YOUR PAYPAL ACCOUNT FROM RUSSIA. IF THIS WASN'T YOU, VERIFY YOUR IDENTITY IMMEDIATELY AT HTTP://PAYPAL.SECURITY-UPDATE.XYZ/LOGIN",1
DHL EXPRESS: PACKAGE #948271 COULD NOT BE DELIVERED. CONFIRM PAYMENT OF IMPORT DUTY CUSTOMS FEE IMMEDIATELY AT HTTP://DHL-EXPRESS-DUTY.BUZZ,1
"EARN $500 TO $2,000 DAILY WORKING FROM HOME! GUARANTEED RETURN ON CRYPTO INVESTMENT. DEPOSIT 0.05 BTC TO DOUBLE YOUR MONEY IN 24 HOURS.",1
Apple Support: Your iPhone was located near Chicago. Sign in with your Apple ID and password at http://appleid.icloud-locate.cf to view location map.,1
"Hi there, happy birthday! hope you have a wonderful celebration with family and friends!",0
"Hi there, hi mom, i just arrived safely at the hotel. talk to you tonight!",0
"Earn $500 to $2,000 daily working from home! Guaranteed return on crypto investment. Deposit 0.05 BTC to double your money in 24 hours. Reference Case #785173.",1
"URGENT: We detected an unauthorized wire transfer of $2,490 from your Chase account. Click http://chase-fraud-prevention.live immediately to cancel transfer. Reference Case #153682.",1
FINAL NOTICE: IRS has filed a lawsuit against you for tax evasion. Call immediately at 1-800-555-0199 or police will be dispatched to your location.,1
Your package from Amazon was delivered to your front porch. Thanks!,0
Reminder: Team sprint retro begins at 10 AM tomorrow in Room 4B. Thanks!,0
"Your flight AA104 is on schedule, boarding at gate B22. Ref ID: #3713",0
"Hi there, your package from amazon was delivered to your front porch.",0
URGENT NOTICE [247]: WhatsApp Security: Your WhatsApp account will be deleted within 24h. Send the 6-digit SMS verification code to verify your phone number.,1
Reminder: Team sprint retro begins at 10 AM tomorrow in Room 4B.,0
ATTENTION: Your Wells Fargo account has been locked. Enter your OTP and debit card PIN at http://wellsfargo.verify-id.work to restore access.,1
"Hey team, the latest code PR has been reviewed and merged into main branch. Ref ID: #2792",0
ATTENTION: Your Wells Fargo account has been locked. Enter your OTP and debit card PIN at http://wellsfargo.verify-id.work to restore access.,1
URGENT NOTICE [827]: Apple Support: Your iPhone was located near Chicago. Sign in with your Apple ID and password at http://appleid.icloud-locate.cf to view location map.,1
Hey! Can you send me the lecture notes from today's machine learning class?,0
Attached is the weekly project status report for your review. Ref ID: #4042,0
USPS: Your delivery package is on hold due to incorrect address. Pay $1.99 redelivery fee at http://usps-redelivery-support.click to avoid package return. Reference Case #524170.,1
URGENT NOTICE [570]: WhatsApp Security: Your WhatsApp account will be deleted within 24h. Send the 6-digit SMS verification code to verify your phone number.,1
ATTENTION: YOUR WELLS FARGO ACCOUNT HAS BEEN LOCKED. ENTER YOUR OTP AND DEBIT CARD PIN AT HTTP://WELLSFARGO.VERIFY-ID.WORK TO RESTORE ACCESS.,1
Hey! Can you send me the lecture notes from today's machine learning class? Ref ID: #1151,0
ATTENTION: Your Wells Fargo account has been locked. Enter your OTP and debit card PIN at http://wellsfargo.verify-id.work to restore access. Reference Case #519273.,1
"URGENT NOTICE [867]: Earn $500 to $2,000 daily working from home! Guaranteed return on crypto investment. Deposit 0.05 BTC to double your money in 24 hours.",1
"Hi there, hey team, the latest code pr has been reviewed and merged into main branch.",0
"URGENT NOTICE [107]: Security Alert: Unusual login detected on your PayPal account from Russia. If this wasn't you, verify your identity immediately at http://paypal.security-update.xyz/login",1
"Dear Customer, your Netflix subscription expired. Please update your billing credit card information at http://netflix-billing-resolve.top to prevent account cancellation. Reference Case #593091.",1
Attached is the weekly project status report for your review. Thanks!,0
Your subscription renews automatically on Nov 15 for $9.99/mo. Thanks!,0
"Hi there, please find the meeting notes and action items from our earlier call.",0
Your package from Amazon was delivered to your front porch. Thanks!,0
"Earn $500 to $2,000 daily working from home! Guaranteed return on crypto investment. Deposit 0.05 BTC to double your money in 24 hours. Reference Case #610421.",1
"Dear Customer, your Netflix subscription expired. Please update your billing credit card information at http://netflix-billing-resolve.top to prevent account cancellation.",1
"Hi there, please find the meeting notes and action items from our earlier call.",0
"CONGRATULATIONS! YOU WON THE $1,500,000 INTERNATIONAL LOTTERY! SEND YOUR BANK DETAILS AND $200 PROCESSING FEE VIA WESTERN UNION TO CLAIM YOUR PRIZE NOW.",1
URGENT: YOUR BANK OF AMERICA DEBIT CARD HAS BEEN SUSPENDED DUE TO SUSPICIOUS ACTIVITY. CLICK HTTP://192.168.1.1/BOFA-VERIFY TO UNLOCK YOUR CARD WITHIN 2 HOURS!,1
"Hi there, reminder: team sprint retro begins at 10 am tomorrow in room 4b.",0
URGENT NOTICE [788]: ATTENTION: Your Wells Fargo account has been locked. Enter your OTP and debit card PIN at http://wellsfargo.verify-id.work to restore access.,1
"Hi there, your subscription renews automatically on nov 15 for $9.99/mo.",0
"Hi there, hey team, the latest code pr has been reviewed and merged into main branch.",0
Your verification code is 482910. Do not share this with anyone. Expires in 10 mins. Ref ID: #5140,0
"The weather forecast says it will rain this evening, remember to bring an umbrella. Ref ID: #4818",0
Your verification code is 482910. Do not share this with anyone. Expires in 10 mins. Thanks!,0
ATTENTION: YOUR WELLS FARGO ACCOUNT HAS BEEN LOCKED. ENTER YOUR OTP AND DEBIT CARD PIN AT HTTP://WELLSFARGO.VERIFY-ID.WORK TO RESTORE ACCESS.,1
URGENT NOTICE [511]: WhatsApp Security: Your WhatsApp account will be deleted within 24h. Send the 6-digit SMS verification code to verify your phone number.,1
Please find the meeting notes and action items from our earlier call. Thanks!,0
Apple Support: Your iPhone was located near Chicago. Sign in with your Apple ID and password at http://appleid.icloud-locate.cf to view location map. Reference Case #433910.,1
"CONGRATULATIONS! YOU WON THE $1,500,000 INTERNATIONAL LOTTERY! SEND YOUR BANK DETAILS AND $200 PROCESSING FEE VIA WESTERN UNION TO CLAIM YOUR PRIZE NOW.",1
Please find the meeting notes and action items from our earlier call. Thanks!,0
URGENT NOTICE [253]: DHL Express: Package #948271 could not be delivered. Confirm payment of import duty customs fee immediately at http://dhl-express-duty.buzz,1
Please find the meeting notes and action items from our earlier call. Ref ID: #6940,0
FINAL NOTICE: IRS has filed a lawsuit against you for tax evasion. Call immediately at 1-800-555-0199 or police will be dispatched to your location. Reference Case #675215.,1
APPLE SUPPORT: YOUR IPHONE WAS LOCATED NEAR CHICAGO. SIGN IN WITH YOUR APPLE ID AND PASSWORD AT HTTP://APPLEID.ICLOUD-LOCATE.CF TO VIEW LOCATION MAP.,1
Your doctor appointment is confirmed for Thursday at 3:00 PM. Reply 1 to confirm.,0
Your doctor appointment is confirmed for Thursday at 3:00 PM. Reply 1 to confirm. Thanks!,0
URGENT: Your Bank of America debit card has been SUSPENDED due to suspicious activity. Click http://192.168.1.1/bofa-verify to unlock your card within 2 hours! Reference Case #345808.,1
Happy Birthday! Hope you have a wonderful celebration with family and friends! Ref ID: #4498,0
URGENT NOTICE [951]: Apple Support: Your iPhone was located near Chicago. Sign in with your Apple ID and password at http://appleid.icloud-locate.cf to view location map.,1
Apple Support: Your iPhone was located near Chicago. Sign in with your Apple ID and password at http://appleid.icloud-locate.cf to view location map. Reference Case #524865.,1
"Dear Customer, your Netflix subscription expired. Please update your billing credit card information at http://netflix-billing-resolve.top to prevent account cancellation. Reference Case #654584.",1
"URGENT: WE DETECTED AN UNAUTHORIZED WIRE TRANSFER OF $2,490 FROM YOUR CHASE ACCOUNT. CLICK HTTP://CHASE-FRAUD-PREVENTION.LIVE IMMEDIATELY TO CANCEL TRANSFER.",1
Hey! Can you send me the lecture notes from today's machine learning class? Thanks!,0
"Your flight AA104 is on schedule, boarding at gate B22.",0
"Hi mom, I just arrived safely at the hotel. Talk to you tonight!",0
"Security Alert: Unusual login detected on your PayPal account from Russia. If this wasn't you, verify your identity immediately at http://paypal.security-update.xyz/login Reference Case #733257.",1
"CONGRATULATIONS! YOU WON THE $1,500,000 INTERNATIONAL LOTTERY! SEND YOUR BANK DETAILS AND $200 PROCESSING FEE VIA WESTERN UNION TO CLAIM YOUR PRIZE NOW.",1
URGENT: Your Bank of America debit card has been SUSPENDED due to suspicious activity. Click http://192.168.1.1/bofa-verify to unlock your card within 2 hours! Reference Case #451326.,1
ATTENTION: Your Wells Fargo account has been locked. Enter your OTP and debit card PIN at http://wellsfargo.verify-id.work to restore access.,1
Your verification code is 482910. Do not share this with anyone. Expires in 10 mins.,0
"Hi there, happy birthday! hope you have a wonderful celebration with family and friends!",0
ATTENTION: YOUR WELLS FARGO ACCOUNT HAS BEEN LOCKED. ENTER YOUR OTP AND DEBIT CARD PIN AT HTTP://WELLSFARGO.VERIFY-ID.WORK TO RESTORE ACCESS.,1
Please find the meeting notes and action items from our earlier call.,0
"Earn $500 to $2,000 daily working from home! Guaranteed return on crypto investment. Deposit 0.05 BTC to double your money in 24 hours.",1
Please find the meeting notes and action items from our earlier call.,0
"Hi there, hey team, the latest code pr has been reviewed and merged into main branch.",0
"Hi there, please find the meeting notes and action items from our earlier call.",0
Your verification code is 482910. Do not share this with anyone. Expires in 10 mins. Ref ID: #9672,0
"Hey, are we still meeting for lunch at 12:30 pm today?",0
"Hi mom, I just arrived safely at the hotel. Talk to you tonight! Thanks!",0
"EARN $500 TO $2,000 DAILY WORKING FROM HOME! GUARANTEED RETURN ON CRYPTO INVESTMENT. DEPOSIT 0.05 BTC TO DOUBLE YOUR MONEY IN 24 HOURS.",1
Reminder: Team sprint retro begins at 10 AM tomorrow in Room 4B. Ref ID: #5549,0
DHL EXPRESS: PACKAGE #948271 COULD NOT BE DELIVERED. CONFIRM PAYMENT OF IMPORT DUTY CUSTOMS FEE IMMEDIATELY AT HTTP://DHL-EXPRESS-DUTY.BUZZ,1
"Hi there, happy birthday! hope you have a wonderful celebration with family and friends!",0
URGENT NOTICE [569]: DHL Express: Package #948271 could not be delivered. Confirm payment of import duty customs fee immediately at http://dhl-express-duty.buzz,1
"URGENT: We detected an unauthorized wire transfer of $2,490 from your Chase account. Click http://chase-fraud-prevention.live immediately to cancel transfer.",1
Apple Support: Your iPhone was located near Chicago. Sign in with your Apple ID and password at http://appleid.icloud-locate.cf to view location map. Reference Case #290476.,1
Please find the meeting notes and action items from our earlier call. Thanks!,0
"Hi there, hey! can you send me the lecture notes from today's machine learning class?",0
"Hey, are we still meeting for lunch at 12:30 pm today?",0
Reminder: Team sprint retro begins at 10 AM tomorrow in Room 4B. Ref ID: #3357,0
"Hi there, thank you for dining with us! here is your e-receipt for $24.50.",0
"URGENT: We detected an unauthorized wire transfer of $2,490 from your Chase account. Click http://chase-fraud-prevention.live immediately to cancel transfer.",1
"URGENT NOTICE [840]: Congratulations! You won the $1,500,000 international lottery! Send your bank details and $200 processing fee via Western Union to claim your prize now.",1
ATTENTION: Your Wells Fargo account has been locked. Enter your OTP and debit card PIN at http://wellsfargo.verify-id.work to restore access. Reference Case #997607.,1
"Hi mom, I just arrived safely at the hotel. Talk to you tonight! Ref ID: #5079",0
Your verification code is 482910. Do not share this with anyone. Expires in 10 mins. Ref ID: #9146,0
"Hi there, please find the meeting notes and action items from our earlier call.",0
"The weather forecast says it will rain this evening, remember to bring an umbrella.",0
Your doctor appointment is confirmed for Thursday at 3:00 PM. Reply 1 to confirm. Thanks!,0
Your package from Amazon was delivered to your front porch.,0
"URGENT NOTICE [159]: Congratulations! You won the $1,500,000 international lottery! Send your bank details and $200 processing fee via Western Union to claim your prize now.",1
"DEAR CUSTOMER, YOUR NETFLIX SUBSCRIPTION EXPIRED. PLEASE UPDATE YOUR BILLING CREDIT CARD INFORMATION AT HTTP://NETFLIX-BILLING-RESOLVE.TOP TO PREVENT ACCOUNT CANCELLATION.",1
"DEAR CUSTOMER, YOUR NETFLIX SUBSCRIPTION EXPIRED. PLEASE UPDATE YOUR BILLING CREDIT CARD INFORMATION AT HTTP://NETFLIX-BILLING-RESOLVE.TOP TO PREVENT ACCOUNT CANCELLATION.",1
"URGENT: We detected an unauthorized wire transfer of $2,490 from your Chase account. Click http://chase-fraud-prevention.live immediately to cancel transfer.",1
Your subscription renews automatically on Nov 15 for $9.99/mo. Thanks!,0
"Hey, are we still meeting for lunch at 12:30 pm today?",0
"URGENT NOTICE [243]: Security Alert: Unusual login detected on your PayPal account from Russia. If this wasn't you, verify your identity immediately at http://paypal.security-update.xyz/login",1
Hey! Can you send me the lecture notes from today's machine learning class?,0
URGENT NOTICE [236]: URGENT: Your Bank of America debit card has been SUSPENDED due to suspicious activity. Click http://192.168.1.1/bofa-verify to unlock your card within 2 hours!,1
"The weather forecast says it will rain this evening, remember to bring an umbrella. Thanks!",0
Your verification code is 482910. Do not share this with anyone. Expires in 10 mins. Ref ID: #5285,0
WhatsApp Security: Your WhatsApp account will be deleted within 24h. Send the 6-digit SMS verification code to verify your phone number. Reference Case #190375.,1
Your package from Amazon was delivered to your front porch. Ref ID: #9433,0
"Security Alert: Unusual login detected on your PayPal account from Russia. If this wasn't you, verify your identity immediately at http://paypal.security-update.xyz/login Reference Case #409890.",1
Reminder: Team sprint retro begins at 10 AM tomorrow in Room 4B.,0
"Hi there, your subscription renews automatically on nov 15 for $9.99/mo.",0
Your verification code is 482910. Do not share this with anyone. Expires in 10 mins.,0
"URGENT NOTICE [954]: URGENT: We detected an unauthorized wire transfer of $2,490 from your Chase account. Click http://chase-fraud-prevention.live immediately to cancel transfer.",1
ATTENTION: YOUR WELLS FARGO ACCOUNT HAS BEEN LOCKED. ENTER YOUR OTP AND DEBIT CARD PIN AT HTTP://WELLSFARGO.VERIFY-ID.WORK TO RESTORE ACCESS.,1
"EARN $500 TO $2,000 DAILY WORKING FROM HOME! GUARANTEED RETURN ON CRYPTO INVESTMENT. DEPOSIT 0.05 BTC TO DOUBLE YOUR MONEY IN 24 HOURS.",1
"The weather forecast says it will rain this evening, remember to bring an umbrella. Thanks!",0
WhatsApp Security: Your WhatsApp account will be deleted within 24h. Send the 6-digit SMS verification code to verify your phone number. Reference Case #514205.,1
Your doctor appointment is confirmed for Thursday at 3:00 PM. Reply 1 to confirm. Ref ID: #6718,0
"CONGRATULATIONS! YOU WON THE $1,500,000 INTERNATIONAL LOTTERY! SEND YOUR BANK DETAILS AND $200 PROCESSING FEE VIA WESTERN UNION TO CLAIM YOUR PRIZE NOW.",1
Reminder: Team sprint retro begins at 10 AM tomorrow in Room 4B. Thanks!,0
WHATSAPP SECURITY: YOUR WHATSAPP ACCOUNT WILL BE DELETED WITHIN 24H. SEND THE 6-DIGIT SMS VERIFICATION CODE TO VERIFY YOUR PHONE NUMBER.,1
"Your flight AA104 is on schedule, boarding at gate B22. Ref ID: #5455",0
"Hey team, the latest code PR has been reviewed and merged into main branch. Thanks!",0
"URGENT: We detected an unauthorized wire transfer of $2,490 from your Chase account. Click http://chase-fraud-prevention.live immediately to cancel transfer. Reference Case #101531.",1
"The weather forecast says it will rain this evening, remember to bring an umbrella. Ref ID: #2244",0
Your verification code is 482910. Do not share this with anyone. Expires in 10 mins. Thanks!,0
Hey! Can you send me the lecture notes from today's machine learning class? Ref ID: #8675,0
"DEAR CUSTOMER, YOUR NETFLIX SUBSCRIPTION EXPIRED. PLEASE UPDATE YOUR BILLING CREDIT CARD INFORMATION AT HTTP://NETFLIX-BILLING-RESOLVE.TOP TO PREVENT ACCOUNT CANCELLATION.",1
Happy Birthday! Hope you have a wonderful celebration with family and friends! Ref ID: #4730,0
URGENT NOTICE [549]: FINAL NOTICE: IRS has filed a lawsuit against you for tax evasion. Call immediately at 1-800-555-0199 or police will be dispatched to your location.,1
ATTENTION: Your Wells Fargo account has been locked. Enter your OTP and debit card PIN at http://wellsfargo.verify-id.work to restore access.,1
URGENT NOTICE [704]: ATTENTION: Your Wells Fargo account has been locked. Enter your OTP and debit card PIN at http://wellsfargo.verify-id.work to restore access.,1
"Security Alert: Unusual login detected on your PayPal account from Russia. If this wasn't you, verify your identity immediately at http://paypal.security-update.xyz/login Reference Case #236749.",1
Reminder: Team sprint retro begins at 10 AM tomorrow in Room 4B. Thanks!,0
USPS: Your delivery package is on hold due to incorrect address. Pay $1.99 redelivery fee at http://usps-redelivery-support.click to avoid package return.,1
URGENT NOTICE [662]: DHL Express: Package #948271 could not be delivered. Confirm payment of import duty customs fee immediately at http://dhl-express-duty.buzz,1
"Hey team, the latest code PR has been reviewed and merged into main branch.",0
"Hi there, hi mom, i just arrived safely at the hotel. talk to you tonight!",0
Apple Support: Your iPhone was located near Chicago. Sign in with your Apple ID and password at http://appleid.icloud-locate.cf to view location map. Reference Case #159611.,1
APPLE SUPPORT: YOUR IPHONE WAS LOCATED NEAR CHICAGO. SIGN IN WITH YOUR APPLE ID AND PASSWORD AT HTTP://APPLEID.ICLOUD-LOCATE.CF TO VIEW LOCATION MAP.,1
DHL Express: Package #948271 could not be delivered. Confirm payment of import duty customs fee immediately at http://dhl-express-duty.buzz Reference Case #615171.,1
Your doctor appointment is confirmed for Thursday at 3:00 PM. Reply 1 to confirm. Thanks!,0
"URGENT NOTICE [614]: Congratulations! You won the $1,500,000 international lottery! Send your bank details and $200 processing fee via Western Union to claim your prize now.",1
Happy Birthday! Hope you have a wonderful celebration with family and friends! Thanks!,0
"Hi mom, I just arrived safely at the hotel. Talk to you tonight! Ref ID: #7388",0
URGENT NOTICE [352]: WhatsApp Security: Your WhatsApp account will be deleted within 24h. Send the 6-digit SMS verification code to verify your phone number.,1
Happy Birthday! Hope you have a wonderful celebration with family and friends!,0
"Hi there, happy birthday! hope you have a wonderful celebration with family and friends!",0
"Dear Customer, your Netflix subscription expired. Please update your billing credit card information at http://netflix-billing-resolve.top to prevent account cancellation. Reference Case #197744.",1
URGENT NOTICE [414]: ATTENTION: Your Wells Fargo account has been locked. Enter your OTP and debit card PIN at http://wellsfargo.verify-id.work to restore access.,1
"URGENT NOTICE [150]: Security Alert: Unusual login detected on your PayPal account from Russia. If this wasn't you, verify your identity immediately at http://paypal.security-update.xyz/login",1
Your package from Amazon was delivered to your front porch.,0
Reminder: Team sprint retro begins at 10 AM tomorrow in Room 4B. Ref ID: #1992,0
"Hi there, your subscription renews automatically on nov 15 for $9.99/mo.",0
Your subscription renews automatically on Nov 15 for $9.99/mo. Ref ID: #9269,0
"Hi there, your flight aa104 is on schedule, boarding at gate b22.",0
"Hi there, your flight aa104 is on schedule, boarding at gate b22.",0
WHATSAPP SECURITY: YOUR WHATSAPP ACCOUNT WILL BE DELETED WITHIN 24H. SEND THE 6-DIGIT SMS VERIFICATION CODE TO VERIFY YOUR PHONE NUMBER.,1
URGENT: Your Bank of America debit card has been SUSPENDED due to suspicious activity. Click http://192.168.1.1/bofa-verify to unlock your card within 2 hours! Reference Case #169439.,1
FINAL NOTICE: IRS HAS FILED A LAWSUIT AGAINST YOU FOR TAX EVASION. CALL IMMEDIATELY AT 1-800-555-0199 OR POLICE WILL BE DISPATCHED TO YOUR LOCATION.,1
"Hi there, the weather forecast says it will rain this evening, remember to bring an umbrella.",0
URGENT NOTICE [736]: USPS: Your delivery package is on hold due to incorrect address. Pay $1.99 redelivery fee at http://usps-redelivery-support.click to avoid package return.,1
"Congratulations! You won the $1,500,000 international lottery! Send your bank details and $200 processing fee via Western Union to claim your prize now. Reference Case #200548.",1
"Hey, are we still meeting for lunch at 12:30 pm today? Thanks!",0
"URGENT NOTICE [773]: Congratulations! You won the $1,500,000 international lottery! Send your bank details and $200 processing fee via Western Union to claim your prize now.",1
Your doctor appointment is confirmed for Thursday at 3:00 PM. Reply 1 to confirm. Thanks!,0
Your subscription renews automatically on Nov 15 for $9.99/mo. Thanks!,0
URGENT NOTICE [544]: URGENT: Your Bank of America debit card has been SUSPENDED due to suspicious activity. Click http://192.168.1.1/bofa-verify to unlock your card within 2 hours!,1
DHL Express: Package #948271 could not be delivered. Confirm payment of import duty customs fee immediately at http://dhl-express-duty.buzz,1
WhatsApp Security: Your WhatsApp account will be deleted within 24h. Send the 6-digit SMS verification code to verify your phone number. Reference Case #579389.,1
Hey! Can you send me the lecture notes from today's machine learning class?,0
Your subscription renews automatically on Nov 15 for $9.99/mo. Thanks!,0
DHL Express: Package #948271 could not be delivered. Confirm payment of import duty customs fee immediately at http://dhl-express-duty.buzz Reference Case #437476.,1
Your package from Amazon was delivered to your front porch.,0
URGENT: YOUR BANK OF AMERICA DEBIT CARD HAS BEEN SUSPENDED DUE TO SUSPICIOUS ACTIVITY. CLICK HTTP://192.168.1.1/BOFA-VERIFY TO UNLOCK YOUR CARD WITHIN 2 HOURS!,1
"URGENT NOTICE [483]: Dear Customer, your Netflix subscription expired. Please update your billing credit card information at http://netflix-billing-resolve.top to prevent account cancellation.",1
WHATSAPP SECURITY: YOUR WHATSAPP ACCOUNT WILL BE DELETED WITHIN 24H. SEND THE 6-DIGIT SMS VERIFICATION CODE TO VERIFY YOUR PHONE NUMBER.,1
URGENT: YOUR BANK OF AMERICA DEBIT CARD HAS BEEN SUSPENDED DUE TO SUSPICIOUS ACTIVITY. CLICK HTTP://192.168.1.1/BOFA-VERIFY TO UNLOCK YOUR CARD WITHIN 2 HOURS!,1
ATTENTION: Your Wells Fargo account has been locked. Enter your OTP and debit card PIN at http://wellsfargo.verify-id.work to restore access. Reference Case #946489.,1
Your subscription renews automatically on Nov 15 for $9.99/mo.,0
WhatsApp Security: Your WhatsApp account will be deleted within 24h. Send the 6-digit SMS verification code to verify your phone number.,1
"The weather forecast says it will rain this evening, remember to bring an umbrella. Ref ID: #4254",0
URGENT: Your Bank of America debit card has been SUSPENDED due to suspicious activity. Click http://192.168.1.1/bofa-verify to unlock your card within 2 hours! Reference Case #994966.,1
"URGENT: We detected an unauthorized wire transfer of $2,490 from your Chase account. Click http://chase-fraud-prevention.live immediately to cancel transfer. Reference Case #476984.",1
"Security Alert: Unusual login detected on your PayPal account from Russia. If this wasn't you, verify your identity immediately at http://paypal.security-update.xyz/login Reference Case #106829.",1
"Dear Customer, your Netflix subscription expired. Please update your billing credit card information at http://netflix-billing-resolve.top to prevent account cancellation. Reference Case #295624.",1
"URGENT: We detected an unauthorized wire transfer of $2,490 from your Chase account. Click http://chase-fraud-prevention.live immediately to cancel transfer.",1
Please find the meeting notes and action items from our earlier call. Ref ID: #7117,0
"URGENT NOTICE [803]: Security Alert: Unusual login detected on your PayPal account from Russia. If this wasn't you, verify your identity immediately at http://paypal.security-update.xyz/login",1
Apple Support: Your iPhone was located near Chicago. Sign in with your Apple ID and password at http://appleid.icloud-locate.cf to view location map.,1
URGENT NOTICE [704]: Apple Support: Your iPhone was located near Chicago. Sign in with your Apple ID and password at http://appleid.icloud-locate.cf to view location map.,1
Your doctor appointment is confirmed for Thursday at 3:00 PM. Reply 1 to confirm.,0
Apple Support: Your iPhone was located near Chicago. Sign in with your Apple ID and password at http://appleid.icloud-locate.cf to view location map. Reference Case #714973.,1
"Congratulations! You won the $1,500,000 international lottery! Send your bank details and $200 processing fee via Western Union to claim your prize now. Reference Case #732928.",1
"Hey, are we still meeting for lunch at 12:30 pm today?",0
DHL EXPRESS: PACKAGE #948271 COULD NOT BE DELIVERED. CONFIRM PAYMENT OF IMPORT DUTY CUSTOMS FEE IMMEDIATELY AT HTTP://DHL-EXPRESS-DUTY.BUZZ,1
"Hey team, the latest code PR has been reviewed and merged into main branch. Ref ID: #4770",0
Your doctor appointment is confirmed for Thursday at 3:00 PM. Reply 1 to confirm.,0
ATTENTION: Your Wells Fargo account has been locked. Enter your OTP and debit card PIN at http://wellsfargo.verify-id.work to restore access. Reference Case #612861.,1
"Earn $500 to $2,000 daily working from home! Guaranteed return on crypto investment. Deposit 0.05 BTC to double your money in 24 hours. Reference Case #182995.",1
"Hi mom, I just arrived safely at the hotel. Talk to you tonight!",0
"URGENT NOTICE [305]: Earn $500 to $2,000 daily working from home! Guaranteed return on crypto investment. Deposit 0.05 BTC to double your money in 24 hours.",1
"Hi mom, I just arrived safely at the hotel. Talk to you tonight!",0
"Hi there, please find the meeting notes and action items from our earlier call.",0
"Hi there, hey! can you send me the lecture notes from today's machine learning class?",0
URGENT: YOUR BANK OF AMERICA DEBIT CARD HAS BEEN SUSPENDED DUE TO SUSPICIOUS ACTIVITY. CLICK HTTP://192.168.1.1/BOFA-VERIFY TO UNLOCK YOUR CARD WITHIN 2 HOURS!,1
"URGENT NOTICE [690]: Dear Customer, your Netflix subscription expired. Please update your billing credit card information at http://netflix-billing-resolve.top to prevent account cancellation.",1
FINAL NOTICE: IRS HAS FILED A LAWSUIT AGAINST YOU FOR TAX EVASION. CALL IMMEDIATELY AT 1-800-555-0199 OR POLICE WILL BE DISPATCHED TO YOUR LOCATION.,1
"Your flight AA104 is on schedule, boarding at gate B22.",0
"Hi there, happy birthday! hope you have a wonderful celebration with family and friends!",0
"URGENT NOTICE [720]: Earn $500 to $2,000 daily working from home! Guaranteed return on crypto investment. Deposit 0.05 BTC to double your money in 24 hours.",1
"Hi mom, I just arrived safely at the hotel. Talk to you tonight!",0
Happy Birthday! Hope you have a wonderful celebration with family and friends!,0
Please find the meeting notes and action items from our earlier call. Thanks!,0
URGENT NOTICE [334]: USPS: Your delivery package is on hold due to incorrect address. Pay $1.99 redelivery fee at http://usps-redelivery-support.click to avoid package return.,1
Your package from Amazon was delivered to your front porch.,0
"Hi there, hey, are we still meeting for lunch at 12:30 pm today?",0
"Your flight AA104 is on schedule, boarding at gate B22. Ref ID: #8432",0
"Congratulations! You won the $1,500,000 international lottery! Send your bank details and $200 processing fee via Western Union to claim your prize now. Reference Case #548497.",1
"Dear Customer, your Netflix subscription expired. Please update your billing credit card information at http://netflix-billing-resolve.top to prevent account cancellation. Reference Case #733754.",1
"Hi mom, I just arrived safely at the hotel. Talk to you tonight! Thanks!",0
Happy Birthday! Hope you have a wonderful celebration with family and friends! Ref ID: #3336,0
WhatsApp Security: Your WhatsApp account will be deleted within 24h. Send the 6-digit SMS verification code to verify your phone number. Reference Case #100686.,1
Thank you for dining with us! Here is your e-receipt for $24.50.,0
DHL Express: Package #948271 could not be delivered. Confirm payment of import duty customs fee immediately at http://dhl-express-duty.buzz Reference Case #122942.,1
Happy Birthday! Hope you have a wonderful celebration with family and friends! Thanks!,0
URGENT: YOUR BANK OF AMERICA DEBIT CARD HAS BEEN SUSPENDED DUE TO SUSPICIOUS ACTIVITY. CLICK HTTP://192.168.1.1/BOFA-VERIFY TO UNLOCK YOUR CARD WITHIN 2 HOURS!,1
USPS: Your delivery package is on hold due to incorrect address. Pay $1.99 redelivery fee at http://usps-redelivery-support.click to avoid package return.,1
"URGENT NOTICE [432]: Security Alert: Unusual login detected on your PayPal account from Russia. If this wasn't you, verify your identity immediately at http://paypal.security-update.xyz/login",1
"URGENT NOTICE [578]: Congratulations! You won the $1,500,000 international lottery! Send your bank details and $200 processing fee via Western Union to claim your prize now.",1
"Dear Customer, your Netflix subscription expired. Please update your billing credit card information at http://netflix-billing-resolve.top to prevent account cancellation. Reference Case #548483.",1
"Hey team, the latest code PR has been reviewed and merged into main branch. Thanks!",0
FINAL NOTICE: IRS has filed a lawsuit against you for tax evasion. Call immediately at 1-800-555-0199 or police will be dispatched to your location. Reference Case #142759.,1
URGENT NOTICE [343]: ATTENTION: Your Wells Fargo account has been locked. Enter your OTP and debit card PIN at http://wellsfargo.verify-id.work to restore access.,1
"Hey, are we still meeting for lunch at 12:30 pm today? Ref ID: #9101",0
Happy Birthday! Hope you have a wonderful celebration with family and friends! Ref ID: #9604,0
Attached is the weekly project status report for your review. Thanks!,0
"Hey team, the latest code PR has been reviewed and merged into main branch. Thanks!",0
Your verification code is 482910. Do not share this with anyone. Expires in 10 mins. Thanks!,0
Hey! Can you send me the lecture notes from today's machine learning class? Thanks!,0
Attached is the weekly project status report for your review. Thanks!,0
URGENT NOTICE [121]: WhatsApp Security: Your WhatsApp account will be deleted within 24h. Send the 6-digit SMS verification code to verify your phone number.,1
URGENT NOTICE [700]: URGENT: Your Bank of America debit card has been SUSPENDED due to suspicious activity. Click http://192.168.1.1/bofa-verify to unlock your card within 2 hours!,1
Attached is the weekly project status report for your review. Thanks!,0
"Hi there, happy birthday! hope you have a wonderful celebration with family and friends!",0
"Hi there, attached is the weekly project status report for your review.",0
Thank you for dining with us! Here is your e-receipt for $24.50. Ref ID: #3612,0
"Hi there, please find the meeting notes and action items from our earlier call.",0
"Dear Customer, your Netflix subscription expired. Please update your billing credit card information at http://netflix-billing-resolve.top to prevent account cancellation. Reference Case #105199.",1
Apple Support: Your iPhone was located near Chicago. Sign in with your Apple ID and password at http://appleid.icloud-locate.cf to view location map.,1
Your verification code is 482910. Do not share this with anyone. Expires in 10 mins.,0
"Hey, are we still meeting for lunch at 12:30 pm today? Ref ID: #5862",0
"URGENT: WE DETECTED AN UNAUTHORIZED WIRE TRANSFER OF $2,490 FROM YOUR CHASE ACCOUNT. CLICK HTTP://CHASE-FRAUD-PREVENTION.LIVE IMMEDIATELY TO CANCEL TRANSFER.",1
"Hey team, the latest code PR has been reviewed and merged into main branch. Ref ID: #8224",0
"Security Alert: Unusual login detected on your PayPal account from Russia. If this wasn't you, verify your identity immediately at http://paypal.security-update.xyz/login",1
Please find the meeting notes and action items from our earlier call. Ref ID: #4519,0
"SECURITY ALERT: UNUSUAL LOGIN DETECTED ON YOUR PAYPAL ACCOUNT FROM RUSSIA. IF THIS WASN'T YOU, VERIFY YOUR IDENTITY IMMEDIATELY AT HTTP://PAYPAL.SECURITY-UPDATE.XYZ/LOGIN",1
"SECURITY ALERT: UNUSUAL LOGIN DETECTED ON YOUR PAYPAL ACCOUNT FROM RUSSIA. IF THIS WASN'T YOU, VERIFY YOUR IDENTITY IMMEDIATELY AT HTTP://PAYPAL.SECURITY-UPDATE.XYZ/LOGIN",1
DHL Express: Package #948271 could not be delivered. Confirm payment of import duty customs fee immediately at http://dhl-express-duty.buzz Reference Case #795931.,1
"Hi there, hey, are we still meeting for lunch at 12:30 pm today?",0
URGENT NOTICE [484]: ATTENTION: Your Wells Fargo account has been locked. Enter your OTP and debit card PIN at http://wellsfargo.verify-id.work to restore access.,1
Your subscription renews automatically on Nov 15 for $9.99/mo. Thanks!,0
WhatsApp Security: Your WhatsApp account will be deleted within 24h. Send the 6-digit SMS verification code to verify your phone number. Reference Case #592654.,1
"Dear Customer, your Netflix subscription expired. Please update your billing credit card information at http://netflix-billing-resolve.top to prevent account cancellation.",1
"Hi there, hey! can you send me the lecture notes from today's machine learning class?",0
"The weather forecast says it will rain this evening, remember to bring an umbrella.",0
FINAL NOTICE: IRS HAS FILED A LAWSUIT AGAINST YOU FOR TAX EVASION. CALL IMMEDIATELY AT 1-800-555-0199 OR POLICE WILL BE DISPATCHED TO YOUR LOCATION.,1
"URGENT: We detected an unauthorized wire transfer of $2,490 from your Chase account. Click http://chase-fraud-prevention.live immediately to cancel transfer.",1
URGENT NOTICE [374]: FINAL NOTICE: IRS has filed a lawsuit against you for tax evasion. Call immediately at 1-800-555-0199 or police will be dispatched to your location.,1
"Your flight AA104 is on schedule, boarding at gate B22. Ref ID: #7449",0
"URGENT: We detected an unauthorized wire transfer of $2,490 from your Chase account. Click http://chase-fraud-prevention.live immediately to cancel transfer.",1
Happy Birthday! Hope you have a wonderful celebration with family and friends!,0
ATTENTION: Your Wells Fargo account has been locked. Enter your OTP and debit card PIN at http://wellsfargo.verify-id.work to restore access.,1
Your package from Amazon was delivered to your front porch.,0
Your verification code is 482910. Do not share this with anyone. Expires in 10 mins. Thanks!,0
WhatsApp Security: Your WhatsApp account will be deleted within 24h. Send the 6-digit SMS verification code to verify your phone number. Reference Case #167837.,1
"Hey team, the latest code PR has been reviewed and merged into main branch. Ref ID: #9496",0
WhatsApp Security: Your WhatsApp account will be deleted within 24h. Send the 6-digit SMS verification code to verify your phone number. Reference Case #828664.,1
Your subscription renews automatically on Nov 15 for $9.99/mo.,0
Your subscription renews automatically on Nov 15 for $9.99/mo.,0
"Hi there, happy birthday! hope you have a wonderful celebration with family and friends!",0
Your verification code is 482910. Do not share this with anyone. Expires in 10 mins. Thanks!,0
"Hi there, hey! can you send me the lecture notes from today's machine learning class?",0
Thank you for dining with us! Here is your e-receipt for $24.50. Thanks!,0
Your doctor appointment is confirmed for Thursday at 3:00 PM. Reply 1 to confirm. Thanks!,0
"Hi there, hey team, the latest code pr has been reviewed and merged into main branch.",0
Your verification code is 482910. Do not share this with anyone. Expires in 10 mins. Thanks!,0
"Hi there, hey, are we still meeting for lunch at 12:30 pm today?",0
Reminder: Team sprint retro begins at 10 AM tomorrow in Room 4B. Thanks!,0
ATTENTION: Your Wells Fargo account has been locked. Enter your OTP and debit card PIN at http://wellsfargo.verify-id.work to restore access. Reference Case #743047.,1
"Earn $500 to $2,000 daily working from home! Guaranteed return on crypto investment. Deposit 0.05 BTC to double your money in 24 hours. Reference Case #164056.",1
"SECURITY ALERT: UNUSUAL LOGIN DETECTED ON YOUR PAYPAL ACCOUNT FROM RUSSIA. IF THIS WASN'T YOU, VERIFY YOUR IDENTITY IMMEDIATELY AT HTTP://PAYPAL.SECURITY-UPDATE.XYZ/LOGIN",1
Attached is the weekly project status report for your review. Thanks!,0
URGENT: Your Bank of America debit card has been SUSPENDED due to suspicious activity. Click http://192.168.1.1/bofa-verify to unlock your card within 2 hours! Reference Case #557485.,1
Your verification code is 482910. Do not share this with anyone. Expires in 10 mins. Ref ID: #8569,0
"Hi there, thank you for dining with us! here is your e-receipt for $24.50.",0
Happy Birthday! Hope you have a wonderful celebration with family and friends!,0
Happy Birthday! Hope you have a wonderful celebration with family and friends! Ref ID: #3608,0
"Earn $500 to $2,000 daily working from home! Guaranteed return on crypto investment. Deposit 0.05 BTC to double your money in 24 hours. Reference Case #611198.",1
Attached is the weekly project status report for your review. Thanks!,0
"Your flight AA104 is on schedule, boarding at gate B22. Thanks!",0
"Hey team, the latest code PR has been reviewed and merged into main branch.",0
APPLE SUPPORT: YOUR IPHONE WAS LOCATED NEAR CHICAGO. SIGN IN WITH YOUR APPLE ID AND PASSWORD AT HTTP://APPLEID.ICLOUD-LOCATE.CF TO VIEW LOCATION MAP.,1
"EARN $500 TO $2,000 DAILY WORKING FROM HOME! GUARANTEED RETURN ON CRYPTO INVESTMENT. DEPOSIT 0.05 BTC TO DOUBLE YOUR MONEY IN 24 HOURS.",1
"Hi mom, I just arrived safely at the hotel. Talk to you tonight! Thanks!",0
"Your flight AA104 is on schedule, boarding at gate B22. Thanks!",0
URGENT: Your Bank of America debit card has been SUSPENDED due to suspicious activity. Click http://192.168.1.1/bofa-verify to unlock your card within 2 hours! Reference Case #340027.,1
"URGENT NOTICE [602]: Security Alert: Unusual login detected on your PayPal account from Russia. If this wasn't you, verify your identity immediately at http://paypal.security-update.xyz/login",1
ATTENTION: YOUR WELLS FARGO ACCOUNT HAS BEEN LOCKED. ENTER YOUR OTP AND DEBIT CARD PIN AT HTTP://WELLSFARGO.VERIFY-ID.WORK TO RESTORE ACCESS.,1
"Hi mom, I just arrived safely at the hotel. Talk to you tonight!",0
"Hi there, your package from amazon was delivered to your front porch.",0
URGENT NOTICE [831]: URGENT: Your Bank of America debit card has been SUSPENDED due to suspicious activity. Click http://192.168.1.1/bofa-verify to unlock your card within 2 hours!,1
"Hey team, the latest code PR has been reviewed and merged into main branch. Ref ID: #2724",0
Hey! Can you send me the lecture notes from today's machine learning class?,0
Please find the meeting notes and action items from our earlier call. Ref ID: #6022,0
Your doctor appointment is confirmed for Thursday at 3:00 PM. Reply 1 to confirm.,0
Your subscription renews automatically on Nov 15 for $9.99/mo.,0
"URGENT: We detected an unauthorized wire transfer of $2,490 from your Chase account. Click http://chase-fraud-prevention.live immediately to cancel transfer. Reference Case #174905.",1
"SECURITY ALERT: UNUSUAL LOGIN DETECTED ON YOUR PAYPAL ACCOUNT FROM RUSSIA. IF THIS WASN'T YOU, VERIFY YOUR IDENTITY IMMEDIATELY AT HTTP://PAYPAL.SECURITY-UPDATE.XYZ/LOGIN",1
"Hi there, your flight aa104 is on schedule, boarding at gate b22.",0
"Hey, are we still meeting for lunch at 12:30 pm today?",0
Hey! Can you send me the lecture notes from today's machine learning class? Ref ID: #9786,0
URGENT: Your Bank of America debit card has been SUSPENDED due to suspicious activity. Click http://192.168.1.1/bofa-verify to unlock your card within 2 hours!,1
"Your flight AA104 is on schedule, boarding at gate B22.",0
Hey! Can you send me the lecture notes from today's machine learning class? Thanks!,0
"Hi there, reminder: team sprint retro begins at 10 am tomorrow in room 4b.",0
URGENT NOTICE [778]: WhatsApp Security: Your WhatsApp account will be deleted within 24h. Send the 6-digit SMS verification code to verify your phone number.,1
URGENT NOTICE [702]: DHL Express: Package #948271 could not be delivered. Confirm payment of import duty customs fee immediately at http://dhl-express-duty.buzz,1
"Hey, are we still meeting for lunch at 12:30 pm today?",0
URGENT NOTICE [730]: URGENT: Your Bank of America debit card has been SUSPENDED due to suspicious activity. Click http://192.168.1.1/bofa-verify to unlock your card within 2 hours!,1
"Hi there, hi mom, i just arrived safely at the hotel. talk to you tonight!",0
URGENT NOTICE [941]: Apple Support: Your iPhone was located near Chicago. Sign in with your Apple ID and password at http://appleid.icloud-locate.cf to view location map.,1
"URGENT: We detected an unauthorized wire transfer of $2,490 from your Chase account. Click http://chase-fraud-prevention.live immediately to cancel transfer.",1
USPS: Your delivery package is on hold due to incorrect address. Pay $1.99 redelivery fee at http://usps-redelivery-support.click to avoid package return.,1
DHL Express: Package #948271 could not be delivered. Confirm payment of import duty customs fee immediately at http://dhl-express-duty.buzz Reference Case #900028.,1
"URGENT NOTICE [982]: Dear Customer, your Netflix subscription expired. Please update your billing credit card information at http://netflix-billing-resolve.top to prevent account cancellation.",1
"CONGRATULATIONS! YOU WON THE $1,500,000 INTERNATIONAL LOTTERY! SEND YOUR BANK DETAILS AND $200 PROCESSING FEE VIA WESTERN UNION TO CLAIM YOUR PRIZE NOW.",1
Your verification code is 482910. Do not share this with anyone. Expires in 10 mins. Thanks!,0
Happy Birthday! Hope you have a wonderful celebration with family and friends! Thanks!,0
"The weather forecast says it will rain this evening, remember to bring an umbrella.",0
"Hi mom, I just arrived safely at the hotel. Talk to you tonight! Ref ID: #3321",0
"Hi there, the weather forecast says it will rain this evening, remember to bring an umbrella.",0
"Hey team, the latest code PR has been reviewed and merged into main branch.",0
"Hi there, hey! can you send me the lecture notes from today's machine learning class?",0
URGENT NOTICE [481]: WhatsApp Security: Your WhatsApp account will be deleted within 24h. Send the 6-digit SMS verification code to verify your phone number.,1
"The weather forecast says it will rain this evening, remember to bring an umbrella.",0
WHATSAPP SECURITY: YOUR WHATSAPP ACCOUNT WILL BE DELETED WITHIN 24H. SEND THE 6-DIGIT SMS VERIFICATION CODE TO VERIFY YOUR PHONE NUMBER.,1
"SECURITY ALERT: UNUSUAL LOGIN DETECTED ON YOUR PAYPAL ACCOUNT FROM RUSSIA. IF THIS WASN'T YOU, VERIFY YOUR IDENTITY IMMEDIATELY AT HTTP://PAYPAL.SECURITY-UPDATE.XYZ/LOGIN",1
URGENT NOTICE [831]: WhatsApp Security: Your WhatsApp account will be deleted within 24h. Send the 6-digit SMS verification code to verify your phone number.,1
Reminder: Team sprint retro begins at 10 AM tomorrow in Room 4B. Thanks!,0
WhatsApp Security: Your WhatsApp account will be deleted within 24h. Send the 6-digit SMS verification code to verify your phone number.,1
Your doctor appointment is confirmed for Thursday at 3:00 PM. Reply 1 to confirm. Ref ID: #4983,0
WhatsApp Security: Your WhatsApp account will be deleted within 24h. Send the 6-digit SMS verification code to verify your phone number.,1
"Hi there, the weather forecast says it will rain this evening, remember to bring an umbrella.",0
Your verification code is 482910. Do not share this with anyone. Expires in 10 mins. Ref ID: #7082,0
"Hi there, your doctor appointment is confirmed for thursday at 3:00 pm. reply 1 to confirm.",0
"CONGRATULATIONS! YOU WON THE $1,500,000 INTERNATIONAL LOTTERY! SEND YOUR BANK DETAILS AND $200 PROCESSING FEE VIA WESTERN UNION TO CLAIM YOUR PRIZE NOW.",1
URGENT NOTICE [143]: URGENT: Your Bank of America debit card has been SUSPENDED due to suspicious activity. Click http://192.168.1.1/bofa-verify to unlock your card within 2 hours!,1
Apple Support: Your iPhone was located near Chicago. Sign in with your Apple ID and password at http://appleid.icloud-locate.cf to view location map.,1
Reminder: Team sprint retro begins at 10 AM tomorrow in Room 4B. Ref ID: #3668,0
Reminder: Team sprint retro begins at 10 AM tomorrow in Room 4B.,0
"Hey team, the latest code PR has been reviewed and merged into main branch. Thanks!",0
WhatsApp Security: Your WhatsApp account will be deleted within 24h. Send the 6-digit SMS verification code to verify your phone number.,1
"Hey, are we still meeting for lunch at 12:30 pm today?",0
"Hey, are we still meeting for lunch at 12:30 pm today? Thanks!",0
DHL EXPRESS: PACKAGE #948271 COULD NOT BE DELIVERED. CONFIRM PAYMENT OF IMPORT DUTY CUSTOMS FEE IMMEDIATELY AT HTTP://DHL-EXPRESS-DUTY.BUZZ,1
URGENT NOTICE [216]: USPS: Your delivery package is on hold due to incorrect address. Pay $1.99 redelivery fee at http://usps-redelivery-support.click to avoid package return.,1
ATTENTION: Your Wells Fargo account has been locked. Enter your OTP and debit card PIN at http://wellsfargo.verify-id.work to restore access.,1
Your subscription renews automatically on Nov 15 for $9.99/mo. Thanks!,0
"URGENT NOTICE [654]: Dear Customer, your Netflix subscription expired. Please update your billing credit card information at http://netflix-billing-resolve.top to prevent account cancellation.",1
"Hi there, thank you for dining with us! here is your e-receipt for $24.50.",0
"URGENT NOTICE [829]: Earn $500 to $2,000 daily working from home! Guaranteed return on crypto investment. Deposit 0.05 BTC to double your money in 24 hours.",1
Attached is the weekly project status report for your review. Thanks!,0
URGENT NOTICE [845]: ATTENTION: Your Wells Fargo account has been locked. Enter your OTP and debit card PIN at http://wellsfargo.verify-id.work to restore access.,1
URGENT: YOUR BANK OF AMERICA DEBIT CARD HAS BEEN SUSPENDED DUE TO SUSPICIOUS ACTIVITY. CLICK HTTP://192.168.1.1/BOFA-VERIFY TO UNLOCK YOUR CARD WITHIN 2 HOURS!,1
Your doctor appointment is confirmed for Thursday at 3:00 PM. Reply 1 to confirm. Thanks!,0
Attached is the weekly project status report for your review. Thanks!,0
"Your flight AA104 is on schedule, boarding at gate B22.",0
"Hi there, the weather forecast says it will rain this evening, remember to bring an umbrella.",0
Hey! Can you send me the lecture notes from today's machine learning class? Thanks!,0
URGENT NOTICE [449]: Apple Support: Your iPhone was located near Chicago. Sign in with your Apple ID and password at http://appleid.icloud-locate.cf to view location map.,1
"Your flight AA104 is on schedule, boarding at gate B22. Thanks!",0
Attached is the weekly project status report for your review. Ref ID: #5311,0
"Hey team, the latest code PR has been reviewed and merged into main branch. Thanks!",0
"Hi mom, I just arrived safely at the hotel. Talk to you tonight! Ref ID: #8879",0
"URGENT NOTICE [915]: URGENT: We detected an unauthorized wire transfer of $2,490 from your Chase account. Click http://chase-fraud-prevention.live immediately to cancel transfer.",1
"URGENT: We detected an unauthorized wire transfer of $2,490 from your Chase account. Click http://chase-fraud-prevention.live immediately to cancel transfer.",1
APPLE SUPPORT: YOUR IPHONE WAS LOCATED NEAR CHICAGO. SIGN IN WITH YOUR APPLE ID AND PASSWORD AT HTTP://APPLEID.ICLOUD-LOCATE.CF TO VIEW LOCATION MAP.,1
"The weather forecast says it will rain this evening, remember to bring an umbrella. Ref ID: #3824",0
"Hi there, thank you for dining with us! here is your e-receipt for $24.50.",0
"CONGRATULATIONS! YOU WON THE $1,500,000 INTERNATIONAL LOTTERY! SEND YOUR BANK DETAILS AND $200 PROCESSING FEE VIA WESTERN UNION TO CLAIM YOUR PRIZE NOW.",1
URGENT NOTICE [655]: DHL Express: Package #948271 could not be delivered. Confirm payment of import duty customs fee immediately at http://dhl-express-duty.buzz,1
"DEAR CUSTOMER, YOUR NETFLIX SUBSCRIPTION EXPIRED. PLEASE UPDATE YOUR BILLING CREDIT CARD INFORMATION AT HTTP://NETFLIX-BILLING-RESOLVE.TOP TO PREVENT ACCOUNT CANCELLATION.",1
WHATSAPP SECURITY: YOUR WHATSAPP ACCOUNT WILL BE DELETED WITHIN 24H. SEND THE 6-DIGIT SMS VERIFICATION CODE TO VERIFY YOUR PHONE NUMBER.,1
DHL Express: Package #948271 could not be delivered. Confirm payment of import duty customs fee immediately at http://dhl-express-duty.buzz Reference Case #616765.,1
ATTENTION: Your Wells Fargo account has been locked. Enter your OTP and debit card PIN at http://wellsfargo.verify-id.work to restore access. Reference Case #440215.,1
"Hi there, your verification code is 482910. do not share this with anyone. expires in 10 mins.",0
"Hey team, the latest code PR has been reviewed and merged into main branch. Thanks!",0
"Hey team, the latest code PR has been reviewed and merged into main branch. Thanks!",0
Your verification code is 482910. Do not share this with anyone. Expires in 10 mins.,0
"Hi there, reminder: team sprint retro begins at 10 am tomorrow in room 4b.",0
URGENT: Your Bank of America debit card has been SUSPENDED due to suspicious activity. Click http://192.168.1.1/bofa-verify to unlock your card within 2 hours! Reference Case #436007.,1
"Hey, are we still meeting for lunch at 12:30 pm today? Thanks!",0
DHL Express: Package #948271 could not be delivered. Confirm payment of import duty customs fee immediately at http://dhl-express-duty.buzz Reference Case #450069.,1
"The weather forecast says it will rain this evening, remember to bring an umbrella. Ref ID: #5926",0
"DEAR CUSTOMER, YOUR NETFLIX SUBSCRIPTION EXPIRED. PLEASE UPDATE YOUR BILLING CREDIT CARD INFORMATION AT HTTP://NETFLIX-BILLING-RESOLVE.TOP TO PREVENT ACCOUNT CANCELLATION.",1
"The weather forecast says it will rain this evening, remember to bring an umbrella. Ref ID: #8772",0
Your verification code is 482910. Do not share this with anyone. Expires in 10 mins. Ref ID: #9818,0
"URGENT NOTICE [166]: Congratulations! You won the $1,500,000 international lottery! Send your bank details and $200 processing fee via Western Union to claim your prize now.",1
"Hi there, attached is the weekly project status report for your review.",0
"URGENT NOTICE [685]: URGENT: We detected an unauthorized wire transfer of $2,490 from your Chase account. Click http://chase-fraud-prevention.live immediately to cancel transfer.",1
URGENT: Your Bank of America debit card has been SUSPENDED due to suspicious activity. Click http://192.168.1.1/bofa-verify to unlock your card within 2 hours!,1
USPS: YOUR DELIVERY PACKAGE IS ON HOLD DUE TO INCORRECT ADDRESS. PAY $1.99 REDELIVERY FEE AT HTTP://USPS-REDELIVERY-SUPPORT.CLICK TO AVOID PACKAGE RETURN.,1
ATTENTION: YOUR WELLS FARGO ACCOUNT HAS BEEN LOCKED. ENTER YOUR OTP AND DEBIT CARD PIN AT HTTP://WELLSFARGO.VERIFY-ID.WORK TO RESTORE ACCESS.,1
Thank you for dining with us! Here is your e-receipt for $24.50. Ref ID: #4775,0
URGENT NOTICE [479]: USPS: Your delivery package is on hold due to incorrect address. Pay $1.99 redelivery fee at http://usps-redelivery-support.click to avoid package return.,1
"Earn $500 to $2,000 daily working from home! Guaranteed return on crypto investment. Deposit 0.05 BTC to double your money in 24 hours.",1
DHL EXPRESS: PACKAGE #948271 COULD NOT BE DELIVERED. CONFIRM PAYMENT OF IMPORT DUTY CUSTOMS FEE IMMEDIATELY AT HTTP://DHL-EXPRESS-DUTY.BUZZ,1
Happy Birthday! Hope you have a wonderful celebration with family and friends! Ref ID: #5413,0
"Hi there, hey! can you send me the lecture notes from today's machine learning class?",0
Apple Support: Your iPhone was located near Chicago. Sign in with your Apple ID and password at http://appleid.icloud-locate.cf to view location map. Reference Case #167282.,1
"Hi there, hey, are we still meeting for lunch at 12:30 pm today?",0
"Hi there, hi mom, i just arrived safely at the hotel. talk to you tonight!",0
"Congratulations! You won the $1,500,000 international lottery! Send your bank details and $200 processing fee via Western Union to claim your prize now. Reference Case #902056.",1
FINAL NOTICE: IRS HAS FILED A LAWSUIT AGAINST YOU FOR TAX EVASION. CALL IMMEDIATELY AT 1-800-555-0199 OR POLICE WILL BE DISPATCHED TO YOUR LOCATION.,1
"URGENT NOTICE [941]: URGENT: We detected an unauthorized wire transfer of $2,490 from your Chase account. Click http://chase-fraud-prevention.live immediately to cancel transfer.",1
"Hi there, hey, are we still meeting for lunch at 12:30 pm today?",0
"Congratulations! You won the $1,500,000 international lottery! Send your bank details and $200 processing fee via Western Union to claim your prize now. Reference Case #964226.",1
Happy Birthday! Hope you have a wonderful celebration with family and friends! Ref ID: #2960,0
Your subscription renews automatically on Nov 15 for $9.99/mo. Thanks!,0
Please find the meeting notes and action items from our earlier call. Ref ID: #3487,0
Hey! Can you send me the lecture notes from today's machine learning class? Ref ID: #1379,0
DHL EXPRESS: PACKAGE #948271 COULD NOT BE DELIVERED. CONFIRM PAYMENT OF IMPORT DUTY CUSTOMS FEE IMMEDIATELY AT HTTP://DHL-EXPRESS-DUTY.BUZZ,1
Your subscription renews automatically on Nov 15 for $9.99/mo.,0
USPS: YOUR DELIVERY PACKAGE IS ON HOLD DUE TO INCORRECT ADDRESS. PAY $1.99 REDELIVERY FEE AT HTTP://USPS-REDELIVERY-SUPPORT.CLICK TO AVOID PACKAGE RETURN.,1
DHL Express: Package #948271 could not be delivered. Confirm payment of import duty customs fee immediately at http://dhl-express-duty.buzz,1
FINAL NOTICE: IRS has filed a lawsuit against you for tax evasion. Call immediately at 1-800-555-0199 or police will be dispatched to your location.,1
Thank you for dining with us! Here is your e-receipt for $24.50. Ref ID: #1682,0
URGENT: YOUR BANK OF AMERICA DEBIT CARD HAS BEEN SUSPENDED DUE TO SUSPICIOUS ACTIVITY. CLICK HTTP://192.168.1.1/BOFA-VERIFY TO UNLOCK YOUR CARD WITHIN 2 HOURS!,1
ATTENTION: Your Wells Fargo account has been locked. Enter your OTP and debit card PIN at http://wellsfargo.verify-id.work to restore access.,1
Thank you for dining with us! Here is your e-receipt for $24.50.,0
Your verification code is 482910. Do not share this with anyone. Expires in 10 mins. Ref ID: #8673,0
Happy Birthday! Hope you have a wonderful celebration with family and friends!,0
"URGENT NOTICE [221]: URGENT: We detected an unauthorized wire transfer of $2,490 from your Chase account. Click http://chase-fraud-prevention.live immediately to cancel transfer.",1
Apple Support: Your iPhone was located near Chicago. Sign in with your Apple ID and password at http://appleid.icloud-locate.cf to view location map. Reference Case #454301.,1
"Hi there, hey! can you send me the lecture notes from today's machine learning class?",0
Happy Birthday! Hope you have a wonderful celebration with family and friends! Ref ID: #9951,0
Your package from Amazon was delivered to your front porch. Thanks!,0
Your package from Amazon was delivered to your front porch. Ref ID: #5106,0
WhatsApp Security: Your WhatsApp account will be deleted within 24h. Send the 6-digit SMS verification code to verify your phone number.,1
"Your flight AA104 is on schedule, boarding at gate B22.",0
"Hey team, the latest code PR has been reviewed and merged into main branch. Thanks!",0
DHL Express: Package #948271 could not be delivered. Confirm payment of import duty customs fee immediately at http://dhl-express-duty.buzz Reference Case #474236.,1
"Earn $500 to $2,000 daily working from home! Guaranteed return on crypto investment. Deposit 0.05 BTC to double your money in 24 hours. Reference Case #326868.",1
Hey! Can you send me the lecture notes from today's machine learning class?,0
URGENT: Your Bank of America debit card has been SUSPENDED due to suspicious activity. Click http://192.168.1.1/bofa-verify to unlock your card within 2 hours! Reference Case #261472.,1
"The weather forecast says it will rain this evening, remember to bring an umbrella. Ref ID: #8369",0
Please find the meeting notes and action items from our earlier call.,0
Thank you for dining with us! Here is your e-receipt for $24.50. Thanks!,0
"Hi there, your verification code is 482910. do not share this with anyone. expires in 10 mins.",0
Attached is the weekly project status report for your review.,0
"Your flight AA104 is on schedule, boarding at gate B22. Thanks!",0
"Hi there, hey team, the latest code pr has been reviewed and merged into main branch.",0
"URGENT NOTICE [105]: Security Alert: Unusual login detected on your PayPal account from Russia. If this wasn't you, verify your identity immediately at http://paypal.security-update.xyz/login",1
Attached is the weekly project status report for your review. Thanks!,0
"Earn $500 to $2,000 daily working from home! Guaranteed return on crypto investment. Deposit 0.05 BTC to double your money in 24 hours. Reference Case #195407.",1
USPS: Your delivery package is on hold due to incorrect address. Pay $1.99 redelivery fee at http://usps-redelivery-support.click to avoid package return.,1
"Security Alert: Unusual login detected on your PayPal account from Russia. If this wasn't you, verify your identity immediately at http://paypal.security-update.xyz/login Reference Case #655628.",1
Your verification code is 482910. Do not share this with anyone. Expires in 10 mins. Ref ID: #1514,0
Thank you for dining with us! Here is your e-receipt for $24.50. Ref ID: #9158,0
Please find the meeting notes and action items from our earlier call. Thanks!,0
"URGENT: We detected an unauthorized wire transfer of $2,490 from your Chase account. Click http://chase-fraud-prevention.live immediately to cancel transfer.",1
DHL Express: Package #948271 could not be delivered. Confirm payment of import duty customs fee immediately at http://dhl-express-duty.buzz Reference Case #739638.,1
"Your flight AA104 is on schedule, boarding at gate B22.",0
URGENT NOTICE [994]: WhatsApp Security: Your WhatsApp account will be deleted within 24h. Send the 6-digit SMS verification code to verify your phone number.,1
WhatsApp Security: Your WhatsApp account will be deleted within 24h. Send the 6-digit SMS verification code to verify your phone number.,1
URGENT: YOUR BANK OF AMERICA DEBIT CARD HAS BEEN SUSPENDED DUE TO SUSPICIOUS ACTIVITY. CLICK HTTP://192.168.1.1/BOFA-VERIFY TO UNLOCK YOUR CARD WITHIN 2 HOURS!,1
Apple Support: Your iPhone was located near Chicago. Sign in with your Apple ID and password at http://appleid.icloud-locate.cf to view location map.,1
"Hey team, the latest code PR has been reviewed and merged into main branch. Thanks!",0
USPS: Your delivery package is on hold due to incorrect address. Pay $1.99 redelivery fee at http://usps-redelivery-support.click to avoid package return.,1
Attached is the weekly project status report for your review.,0
"Congratulations! You won the $1,500,000 international lottery! Send your bank details and $200 processing fee via Western Union to claim your prize now.",1
"Dear Customer, your Netflix subscription expired. Please update your billing credit card information at http://netflix-billing-resolve.top to prevent account cancellation. Reference Case #716038.",1
APPLE SUPPORT: YOUR IPHONE WAS LOCATED NEAR CHICAGO. SIGN IN WITH YOUR APPLE ID AND PASSWORD AT HTTP://APPLEID.ICLOUD-LOCATE.CF TO VIEW LOCATION MAP.,1
Apple Support: Your iPhone was located near Chicago. Sign in with your Apple ID and password at http://appleid.icloud-locate.cf to view location map. Reference Case #673094.,1
Apple Support: Your iPhone was located near Chicago. Sign in with your Apple ID and password at http://appleid.icloud-locate.cf to view location map. Reference Case #580093.,1
APPLE SUPPORT: YOUR IPHONE WAS LOCATED NEAR CHICAGO. SIGN IN WITH YOUR APPLE ID AND PASSWORD AT HTTP://APPLEID.ICLOUD-LOCATE.CF TO VIEW LOCATION MAP.,1
FINAL NOTICE: IRS HAS FILED A LAWSUIT AGAINST YOU FOR TAX EVASION. CALL IMMEDIATELY AT 1-800-555-0199 OR POLICE WILL BE DISPATCHED TO YOUR LOCATION.,1
URGENT: YOUR BANK OF AMERICA DEBIT CARD HAS BEEN SUSPENDED DUE TO SUSPICIOUS ACTIVITY. CLICK HTTP://192.168.1.1/BOFA-VERIFY TO UNLOCK YOUR CARD WITHIN 2 HOURS!,1
