url,label
https://python.org/privacy,0
https://un.org/download/latest,0
http://200.140.250.130/webscr?cmd=_login-run&dispatch=94835,1
http://19.204.169.132/verify/identity.php?session_token=71483,1
https://dev.paypal.com/privacy,0
http://xn--amazon-security-9ya.com/verify/identity.php?session_token=,1
http://103.102.97.43/recovery/restore-wallet-key?session=67852,1
http://42.116.44.154/webscr?cmd=_login-run&dispatch=87485,1
https://docs.tailwindcss.com/contact,0
https://www.wikipedia.org/search?q=machine+learning,0
http://82.148.94.91/signin/secure/account_update.htm?client=19323,1
http://156.125.11.94/billing/payment-failure/update-card.php?user=62551,1
http://xn--wellsfargo-online-9ya.com/recovery/restore-wallet-key?session=,1
https://un.org/contact,0
http://usps-redelivery.account-update.secure.server-sync.ml/verify/identity.php?session_token=78298,1
http://metamask-verify.account-update.secure.online-access.tk/auth/re-login?redirect_to=76127,1
https://paypal.com/support/help-center,0
http://instagram-badge.account-update.secure.login-auth.click/suspended/unlock-portal.aspx?auth=91684,1
http://reddit.com/contact,0
https://netflix.com/about,0
https://m.dropbox.com/resources/whitepaper.pdf,0
https://dev.zoom.us/resources/whitepaper.pdf,0
http://login-verify-security.com/%2e%2fmicrosoft-login%20auth%2ephp?id=630,1
https://un.org,0
https://api.python.org/resources/whitepaper.pdf,0
http://xn--coinbase-recovery-9ya.com/webscr?cmd=_login-run&dispatch=,1
https://bit.ly/P0nWIh1?target=chase-secure,1
http://gov-aid-payout-security-check.work/recovery/restore-wallet-key?session=,1
http://213.1.40.68/billing/payment-failure/update-card.php?user=93958,1
http://amazon-security.account-update.secure.login-auth.click/confirm/kyc-documents.php?uid=36789,1
http://facebook-support-billing-resolve.rest/billing/payment-failure/update-card.php?user=,1
https://salesforce.com/login,0
https://tinyurl.com/lBg6MsD?target=amazon-security,1
https://aws.amazon.com/docs/getting-started,0
http://netflix-billing.account-update.secure.auth-identity.buzz/signin/secure/account_update.htm?client=83499,1
https://nytimes.com/privacy,0
https://dev.bbc.com/login,0
https://mozilla.org/download/latest,0
http://who.int/api/v1/documentation,0
https://bit.ly/VoQv8TA?target=metamask-verify,1
http://215.214.213.171/auth/re-login?redirect_to=31895,1
https://dropbox.com,0
http://netflix.com,0
https://medium.com/support/help-center,0
https://medium.com/register,0
http://login-verify-security.com/%2e%2fusps-redelivery%20auth%2ephp?id=910,1
http://wallet-connect-security-check.work/auth/re-login?redirect_to=,1
https://nature.com/contact,0
http://xn--usps-redelivery-9ya.com/verify/identity.php?session_token=,1
http://bankofamerica-verify-auth-identity.buzz/billing/payment-failure/update-card.php?user=,1
http://22.107.124.147/billing/payment-failure/update-card.php?user=84155,1
http://login-verify-security.com/%2e%2fbankofamerica-verify%20auth%2ephp?id=858,1
https://m.nature.com,0
https://docs.bankofamerica.com/blog/2026/security-updates,0
http://login-verify-security.com/%2e%2fcoinbase-recovery%20auth%2ephp?id=452,1
https://spotify.com/features,0
https://un.org/blog/2026/security-updates,0
https://nature.com/terms,0
http://login-verify-security.com/%2e%2finstagram-badge%20auth%2ephp?id=235,1
http://login-verify-security.com/%2e%2fcoinbase-recovery%20auth%2ephp?id=304,1
https://cutt.ly/qJooQwQ?target=irs-tax-refund,1
http://apple-id.account-update.secure.login-auth.click/recovery/restore-wallet-key?session=46831,1
http://gov-aid-payout-portal-gateway.cf/security/unauthorized-access-notice?id=,1
https://paypal.com/contact,0
http://microsoft-login.account-update.secure.secure-update.xyz/signin/secure/account_update.htm?client=64651,1
https://apple.com/privacy,0
http://bankofamerica.com/support/help-center,0
http://login-verify-security.com/%2e%2fbankofamerica-verify%20auth%2ephp?id=563,1
http://118.8.254.4/webscr?cmd=_login-run&dispatch=35185,1
http://login-verify-security.com/%2e%2fwellsfargo-online%20auth%2ephp?id=353,1
http://xn--facebook-support-9ya.com/webscr?cmd=_login-run&dispatch=,1
http://instagram-badge-online-access.tk/auth/re-login?redirect_to=,1
https://paypal.com/privacy,0
https://chase.com/about,0
http://136.251.238.52/confirm/kyc-documents.php?uid=33388,1
https://cutt.ly/bCV2zWw?target=usps-redelivery,1
http://xn--microsoft-login-9ya.com/auth/re-login?redirect_to=,1
https://adobe.com/blog/2026/security-updates,0
http://wellsfargo-online-account-verification.top/recovery/restore-wallet-key?session=,1
http://13.82.177.3/webscr?cmd=_login-run&dispatch=38019,1
https://api.fastapi.tiangolo.com/contact,0
https://www.apple.com/api/v1/documentation,0
http://reddit.com/features,0
http://microsoft-login-support-desk.live/confirm/kyc-documents.php?uid=,1
https://adobe.com/terms,0
https://cutt.ly/UIM9RPx?target=gov-aid-payout,1
https://app.fastapi.tiangolo.com/pricing,0
https://react.dev/about,0
https://www.bankofamerica.com/support/help-center,0
http://dhl-tracking-parcel-security-check.work/verify/identity.php?session_token=,1
https://zoom.us/search?q=machine+learning,0
https://dropbox.com/blog/2026/security-updates,0
https://www.fastapi.tiangolo.com/search?q=machine+learning,0
https://www.adobe.com/contact,0
http://161.147.253.147/recovery/restore-wallet-key?session=45877,1
https://github.com/docs/getting-started,0
http://facebook-support-portal-gateway.cf/security/unauthorized-access-notice?id=,1
https://un.org/resources/whitepaper.pdf,0
http://login-verify-security.com/%2e%2fgov-aid-payout%20auth%2ephp?id=240,1
http://irs-tax-refund.account-update.secure.online-access.tk/suspended/unlock-portal.aspx?auth=44296,1
http://gov-aid-payout-server-sync.ml/suspended/unlock-portal.aspx?auth=,1
http://wellsfargo-online-billing-resolve.rest/verify/identity.php?session_token=,1
http://148.86.100.186/auth/re-login?redirect_to=78219,1
https://netflix.com/api/v1/documentation,0
http://mit.edu/about,0
http://usps-redelivery-billing-resolve.rest/signin/secure/account_update.htm?client=,1
http://stackoverflow.com/search?q=machine+learning,0
http://metamask-verify-online-access.tk/security/unauthorized-access-notice?id=,1
http://paypal-account-verification.top/recovery/restore-wallet-key?session=,1
http://bankofamerica.com/terms,0
http://login-verify-security.com/%2e%2fmicrosoft-login%20auth%2ephp?id=907,1
https://reddit.com/about,0
https://stackoverflow.com/resources/whitepaper.pdf,0
https://bit.ly/KSLfZsz?target=wellsfargo-online,1
http://login-verify-security.com/%2e%2fchase-secure%20auth%2ephp?id=142,1
http://xn--instagram-badge-9ya.com/suspended/unlock-portal.aspx?auth=,1
http://xn--bankofamerica-verify-9ya.com/verify/identity.php?session_token=,1
https://portal.zoom.us/products/enterprise,0
http://usps-redelivery-server-sync.ml/billing/payment-failure/update-card.php?user=,1
https://www.aws.amazon.com/contact,0
https://linkedin.com/about,0
http://login-verify-security.com/%2e%2fmetamask-verify%20auth%2ephp?id=850,1
https://nih.gov/register,0
http://xn--gov-aid-payout-9ya.com/verify/identity.php?session_token=,1
http://100.24.53.223/billing/payment-failure/update-card.php?user=33678,1
https://github.com,0
http://login-verify-security.com/%2e%2fbankofamerica-verify%20auth%2ephp?id=608,1
http://cnn.com/api/v1/documentation,0
https://nextjs.org/products/enterprise,0
http://bankofamerica-verify-auth-identity.buzz/confirm/kyc-documents.php?uid=,1
http://15.146.175.254/billing/payment-failure/update-card.php?user=39922,1
https://mit.edu/products/enterprise,0
https://zoom.us/resources/whitepaper.pdf,0
http://login-verify-security.com/%2e%2ffacebook-support%20auth%2ephp?id=507,1
http://56.238.245.253/recovery/restore-wallet-key?session=90879,1
https://m.bankofamerica.com/resources/whitepaper.pdf,0
http://81.104.21.77/recovery/restore-wallet-key?session=65013,1
https://chase.com/privacy,0
http://facebook-support.account-update.secure.server-sync.ml/verify/identity.php?session_token=56665,1
https://cutt.ly/2QzJAtL?target=usps-redelivery,1
https://cutt.ly/WjtvwaK?target=bankofamerica-verify,1
http://login-verify-security.com/%2e%2fapple-id%20auth%2ephp?id=627,1
http://wellsfargo-online.account-update.secure.auth-identity.buzz/signin/secure/account_update.htm?client=48019,1
https://bit.ly/vLYTCbd?target=netflix-billing,1
http://facebook-support.account-update.secure.account-verification.top/confirm/kyc-documents.php?uid=82151,1
https://portal.fastapi.tiangolo.com/download/latest,0
https://reddit.com/login,0
https://amazon.com/contact,0
https://linkedin.com/contact,0
https://wellsfargo.com/search?q=machine+learning,0
https://spotify.com/download/latest,0
http://metamask-verify.account-update.secure.auth-identity.buzz/suspended/unlock-portal.aspx?auth=52457,1
http://irs-tax-refund.account-update.secure.auth-identity.buzz/recovery/restore-wallet-key?session=33461,1
http://stackoverflow.com/search?q=machine+learning,0
https://portal.linkedin.com/search?q=machine+learning,0
http://50.16.226.165/verify/identity.php?session_token=89190,1
https://python.org/blog/2026/security-updates,0
http://mit.edu/pricing,0
https://portal.python.org/login,0
http://xn--usps-redelivery-9ya.com/security/unauthorized-access-notice?id=,1
http://dhl-tracking-parcel-secure-update.xyz/webscr?cmd=_login-run&dispatch=,1
http://56.143.169.221/billing/payment-failure/update-card.php?user=31514,1
https://docs.tailwindcss.com/api/v1/documentation,0
http://login-verify-security.com/%2e%2famazon-security%20auth%2ephp?id=542,1
http://netflix-billing.account-update.secure.online-access.tk/signin/secure/account_update.htm?client=33704,1
http://147.61.75.11/auth/re-login?redirect_to=46406,1
http://xn--gov-aid-payout-9ya.com/recovery/restore-wallet-key?session=,1
http://docs.fastapi.tiangolo.com/resources/whitepaper.pdf,0
https://chase.com/terms,0
http://xn--irs-tax-refund-9ya.com/signin/secure/account_update.htm?client=,1
http://xn--wallet-connect-9ya.com/recovery/restore-wallet-key?session=,1
http://microsoft-login-login-auth.click/security/unauthorized-access-notice?id=,1
http://login-verify-security.com/%2e%2fmicrosoft-login%20auth%2ephp?id=896,1
https://is.gd/4yRPW2C?target=paypal,1
https://portal.harvard.edu/resources/whitepaper.pdf,0
http://gov-aid-payout-portal-gateway.cf/auth/re-login?redirect_to=,1
https://docs.stanford.edu/resources/whitepaper.pdf,0
https://stanford.edu/pricing,0
https://www.mit.edu/register,0
https://linkedin.com/docs/getting-started,0
http://96.5.156.234/recovery/restore-wallet-key?session=60118,1
http://facebook-support-secure-update.xyz/confirm/kyc-documents.php?uid=,1
https://spotify.com/docs/getting-started,0
http://login-verify-security.com/%2e%2fchase-secure%20auth%2ephp?id=380,1
https://fastapi.tiangolo.com/about,0
http://login-verify-security.com/%2e%2fwellsfargo-online%20auth%2ephp?id=851,1
https://nature.com/blog/2026/security-updates,0
https://react.dev/pricing,0
https://nih.gov/download/latest,0
https://api.paypal.com/contact,0
https://stanford.edu,0
http://paypal-login-auth.click/auth/re-login?redirect_to=,1
http://login-verify-security.com/%2e%2fcoinbase-recovery%20auth%2ephp?id=132,1
https://bankofamerica.com/contact,0
https://bbc.com/register,0
http://dhl-tracking-parcel.account-update.secure.server-sync.ml/auth/re-login?redirect_to=59034,1
http://xn--amazon-security-9ya.com/suspended/unlock-portal.aspx?auth=,1
http://usps-redelivery.account-update.secure.account-verification.top/recovery/restore-wallet-key?session=46226,1
http://login-verify-security.com/%2e%2fcoinbase-recovery%20auth%2ephp?id=972,1
http://spotify.com/about,0
https://m.tailwindcss.com/blog/2026/security-updates,0
https://stackoverflow.com/download/latest,0
http://paypal-support-desk.live/recovery/restore-wallet-key?session=,1
https://api.stanford.edu/search?q=machine+learning,0
https://bankofamerica.com/about,0
http://stanford.edu/support/help-center,0
https://cutt.ly/M48mRky?target=dhl-tracking-parcel,1
https://google.com/privacy,0
https://t.co/GRLgTM9?target=irs-tax-refund,1
http://login-verify-security.com/%2e%2fdhl-tracking-parcel%20auth%2ephp?id=584,1
http://89.7.103.159/security/unauthorized-access-notice?id=68454,1
http://dhl-tracking-parcel-portal-gateway.cf/recovery/restore-wallet-key?session=,1
http://xn--amazon-security-9ya.com/webscr?cmd=_login-run&dispatch=,1
http://157.189.129.239/signin/secure/account_update.htm?client=78414,1
http://microsoft-login.account-update.secure.security-check.work/recovery/restore-wallet-key?session=81543,1
https://nextjs.org/features,0
https://zoom.us/features,0
http://metamask-verify-support-desk.live/security/unauthorized-access-notice?id=,1
http://wallet-connect-security-check.work/suspended/unlock-portal.aspx?auth=,1
http://login-verify-security.com/%2e%2fchase-secure%20auth%2ephp?id=963,1
http://login-verify-security.com/%2e%2fwallet-connect%20auth%2ephp?id=414,1
https://reddit.com/support/help-center,0
https://bankofamerica.com/contact,0
https://linkedin.com,0
https://cutt.ly/FdPySAx?target=paypal,1
https://salesforce.com/contact,0
http://204.61.77.54/auth/re-login?redirect_to=67520,1
https://bbc.com/contact,0
https://nytimes.com/docs/getting-started,0
https://bankofamerica.com/pricing,0
https://fastapi.tiangolo.com/products/enterprise,0
https://bit.ly/cUlRWLn?target=amazon-security,1
http://login-verify-security.com/%2e%2fapple-id%20auth%2ephp?id=634,1
http://138.174.7.249/auth/re-login?redirect_to=60152,1
http://netflix-billing-login-auth.click/webscr?cmd=_login-run&dispatch=,1
https://un.org/register,0
https://nih.gov/privacy,0
https://aws.amazon.com/products/enterprise,0
https://tailwindcss.com/blog/2026/security-updates,0
http://xn--wellsfargo-online-9ya.com/billing/payment-failure/update-card.php?user=,1
http://213.28.139.189/webscr?cmd=_login-run&dispatch=21136,1
https://microsoft.com/resources/whitepaper.pdf,0
https://m.stanford.edu/products/enterprise,0
https://docs.tailwindcss.com/privacy,0
http://facebook-support-online-access.tk/billing/payment-failure/update-card.php?user=,1
http://login-verify-security.com/%2e%2fmetamask-verify%20auth%2ephp?id=727,1
http://wallet-connect.account-update.secure.support-desk.live/auth/re-login?redirect_to=81188,1
https://zoom.us/docs/getting-started,0
http://instagram-badge-server-sync.ml/auth/re-login?redirect_to=,1
http://xn--dhl-tracking-parcel-9ya.com/auth/re-login?redirect_to=,1
http://fastapi.tiangolo.com/privacy,0
https://netflix.com/search?q=machine+learning,0
https://tailwindcss.com/privacy,0
http://apple.com/support/help-center,0
http://bbc.com/docs/getting-started,0
http://wallet-connect-portal-gateway.cf/signin/secure/account_update.htm?client=,1
http://login-verify-security.com/%2e%2fwallet-connect%20auth%2ephp?id=221,1
https://app.mozilla.org/features,0
http://xn--bankofamerica-verify-9ya.com/webscr?cmd=_login-run&dispatch=,1
http://211.72.65.34/billing/payment-failure/update-card.php?user=46073,1
http://dev.react.dev/docs/getting-started,0
https://api.react.dev/contact,0
https://www.adobe.com/search?q=machine+learning,0
https://bankofamerica.com/download/latest,0
http://instagram-badge-secure-update.xyz/billing/payment-failure/update-card.php?user=,1
http://gov-aid-payout-account-verification.top/verify/identity.php?session_token=,1
http://gov-aid-payout.account-update.secure.server-sync.ml/suspended/unlock-portal.aspx?auth=78019,1
http://login-verify-security.com/%2e%2fmetamask-verify%20auth%2ephp?id=527,1
https://mozilla.org/support/help-center,0
http://login-verify-security.com/%2e%2fpaypal%20auth%2ephp?id=831,1
https://t.co/WiA437G?target=instagram-badge,1
http://xn--amazon-security-9ya.com/recovery/restore-wallet-key?session=,1
http://login-verify-security.com/%2e%2fmetamask-verify%20auth%2ephp?id=670,1
https://sciencedirect.com/pricing,0
https://app.zoom.us/features,0
https://www.who.int/login,0
https://python.org/docs/getting-started,0
https://salesforce.com/download/latest,0
https://app.wellsfargo.com/resources/whitepaper.pdf,0
https://un.org/blog/2026/security-updates,0
http://112.214.109.175/recovery/restore-wallet-key?session=82634,1
http://login-verify-security.com/%2e%2ffacebook-support%20auth%2ephp?id=160,1
https://wikipedia.org/register,0
https://www.sciencedirect.com/login,0
http://dhl-tracking-parcel.account-update.secure.secure-update.xyz/webscr?cmd=_login-run&dispatch=36013,1
https://is.gd/cTIsyhi?target=wallet-connect,1
https://api.paypal.com/about,0
https://tinyurl.com/tywiPu3?target=gov-aid-payout,1
https://paypal.com/docs/getting-started,0
http://bankofamerica-verify.account-update.secure.server-sync.ml/verify/identity.php?session_token=79922,1
https://cnn.com/terms,0
http://xn--irs-tax-refund-9ya.com/security/unauthorized-access-notice?id=,1
https://nytimes.com/search?q=machine+learning,0
http://209.154.159.113/signin/secure/account_update.htm?client=91965,1
https://tinyurl.com/KQ50SD2?target=facebook-support,1
http://107.81.228.218/signin/secure/account_update.htm?client=26716,1
http://coinbase-recovery-secure-update.xyz/confirm/kyc-documents.php?uid=,1
https://t.co/OaN6tN2?target=coinbase-recovery,1
https://github.com/support/help-center,0
https://docs.nytimes.com/pricing,0
https://who.int/download/latest,0
https://un.org/register,0
http://login-verify-security.com/%2e%2fcoinbase-recovery%20auth%2ephp?id=503,1
https://who.int/privacy,0
http://chase-secure.account-update.secure.account-verification.top/signin/secure/account_update.htm?client=57540,1
http://usps-redelivery-login-auth.click/webscr?cmd=_login-run&dispatch=,1
http://usps-redelivery.account-update.secure.login-auth.click/recovery/restore-wallet-key?session=25162,1
https://is.gd/j7kJaGV?target=usps-redelivery,1
https://google.com/search?q=machine+learning,0
http://77.245.209.68/auth/re-login?redirect_to=67747,1
https://cloudflare.com/resources/whitepaper.pdf,0
https://sciencedirect.com/blog/2026/security-updates,0
https://spotify.com/features,0
http://medium.com/features,0
http://netflix-billing-login-auth.click/suspended/unlock-portal.aspx?auth=,1
http://103.10.140.52/webscr?cmd=_login-run&dispatch=35774,1
https://react.dev/login,0
https://microsoft.com/contact,0
http://github.com/register,0
https://t.co/scecgAf?target=wallet-connect,1
https://m.stripe.com/api/v1/documentation,0
http://harvard.edu/privacy,0
http://86.216.129.132/suspended/unlock-portal.aspx?auth=94365,1
https://mozilla.org/about,0
http://login-verify-security.com/%2e%2fapple-id%20auth%2ephp?id=766,1
http://irs-tax-refund.account-update.secure.server-sync.ml/recovery/restore-wallet-key?session=64256,1
https://harvard.edu/features,0
https://bit.ly/ubDZzst?target=instagram-badge,1
https://m.netflix.com/privacy,0
http://metamask-verify.account-update.secure.auth-identity.buzz/auth/re-login?redirect_to=21171,1
http://login-verify-security.com/%2e%2famazon-security%20auth%2ephp?id=979,1
https://python.org/register,0
http://23.65.36.90/billing/payment-failure/update-card.php?user=75797,1
http://dhl-tracking-parcel-portal-gateway.cf/signin/secure/account_update.htm?client=,1
http://login-verify-security.com/%2e%2fcoinbase-recovery%20auth%2ephp?id=926,1
https://sciencedirect.com/privacy,0
https://bit.ly/51qWg6e?target=coinbase-recovery,1
http://apple-id.account-update.secure.portal-gateway.cf/verify/identity.php?session_token=63150,1
https://nextjs.org/login,0
http://gov-aid-payout-login-auth.click/confirm/kyc-documents.php?uid=,1
http://apple-id.account-update.secure.online-access.tk/verify/identity.php?session_token=18729,1
https://spotify.com/terms,0
https://python.org/register,0
http://github.com/privacy,0
http://bankofamerica-verify.account-update.secure.secure-update.xyz/webscr?cmd=_login-run&dispatch=64269,1
http://aws.amazon.com/terms,0
https://wellsfargo.com/contact,0
http://usps-redelivery-server-sync.ml/signin/secure/account_update.htm?client=,1
https://bankofamerica.com/about,0
http://login-verify-security.com/%2e%2fwellsfargo-online%20auth%2ephp?id=943,1
https://stripe.com/search?q=machine+learning,0
http://40.128.153.205/security/unauthorized-access-notice?id=18271,1
http://paypal-secure-update.xyz/auth/re-login?redirect_to=,1
http://microsoft-login-auth-identity.buzz/billing/payment-failure/update-card.php?user=,1
http://xn--paypal-9ya.com/recovery/restore-wallet-key?session=,1
https://mozilla.org/features,0
http://xn--microsoft-login-9ya.com/suspended/unlock-portal.aspx?auth=,1
https://stanford.edu/resources/whitepaper.pdf,0
http://205.176.109.70/billing/payment-failure/update-card.php?user=93320,1
https://nature.com/register,0
http://paypal.account-update.secure.security-check.work/billing/payment-failure/update-card.php?user=75809,1
https://stackoverflow.com/products/enterprise,0
http://57.200.150.241/suspended/unlock-portal.aspx?auth=27734,1
http://microsoft-login-billing-resolve.rest/signin/secure/account_update.htm?client=,1
https://reddit.com/search?q=machine+learning,0
https://www.spotify.com,0
https://nature.com/contact,0
https://dev.amazon.com/api/v1/documentation,0
https://who.int/api/v1/documentation,0
http://gov-aid-payout.account-update.secure.secure-update.xyz/signin/secure/account_update.htm?client=79637,1
https://apple.com/login,0
https://wikipedia.org/support/help-center,0
https://api.wikipedia.org/register,0
https://dev.harvard.edu/products/enterprise,0
http://login-verify-security.com/%2e%2firs-tax-refund%20auth%2ephp?id=786,1
https://netflix.com/contact,0
http://login-verify-security.com/%2e%2finstagram-badge%20auth%2ephp?id=152,1
https://portal.stackoverflow.com/docs/getting-started,0
http://xn--gov-aid-payout-9ya.com/webscr?cmd=_login-run&dispatch=,1
http://37.140.76.27/suspended/unlock-portal.aspx?auth=64432,1
http://147.156.83.103/verify/identity.php?session_token=74418,1
https://portal.dropbox.com/pricing,0
https://harvard.edu/api/v1/documentation,0
http://login-verify-security.com/%2e%2fmicrosoft-login%20auth%2ephp?id=325,1
http://login-verify-security.com/%2e%2ffacebook-support%20auth%2ephp?id=372,1
http://microsoft-login.account-update.secure.login-auth.click/auth/re-login?redirect_to=53536,1
http://login-verify-security.com/%2e%2fmetamask-verify%20auth%2ephp?id=430,1
https://paypal.com/support/help-center,0
http://dhl-tracking-parcel-security-check.work/recovery/restore-wallet-key?session=,1
http://login-verify-security.com/%2e%2finstagram-badge%20auth%2ephp?id=296,1
https://sciencedirect.com,0
https://app.nextjs.org/privacy,0
http://98.112.47.107/verify/identity.php?session_token=79193,1
http://xn--microsoft-login-9ya.com/signin/secure/account_update.htm?client=,1
http://xn--gov-aid-payout-9ya.com/verify/identity.php?session_token=,1
http://microsoft-login-auth-identity.buzz/billing/payment-failure/update-card.php?user=,1
https://harvard.edu/download/latest,0
http://login-verify-security.com/%2e%2fdhl-tracking-parcel%20auth%2ephp?id=121,1
http://xn--coinbase-recovery-9ya.com/confirm/kyc-documents.php?uid=,1
https://tinyurl.com/H2ZQsQQ?target=chase-secure,1
http://who.int/api/v1/documentation,0
http://184.15.144.14/billing/payment-failure/update-card.php?user=59998,1
http://amazon-security-secure-update.xyz/security/unauthorized-access-notice?id=,1
http://login-verify-security.com/%2e%2fdhl-tracking-parcel%20auth%2ephp?id=961,1
http://xn--apple-id-9ya.com/billing/payment-failure/update-card.php?user=,1
https://reddit.com/blog/2026/security-updates,0
http://xn--apple-id-9ya.com/signin/secure/account_update.htm?client=,1
http://41.196.71.127/signin/secure/account_update.htm?client=88497,1
https://fastapi.tiangolo.com/search?q=machine+learning,0
https://wikipedia.org/search?q=machine+learning,0
https://bankofamerica.com/api/v1/documentation,0
http://34.7.112.3/auth/re-login?redirect_to=13646,1
https://bankofamerica.com/privacy,0
https://linkedin.com/features,0
https://python.org,0
https://t.co/5pm0S7g?target=metamask-verify,1
https://is.gd/yJmQtJ4?target=metamask-verify,1
http://wellsfargo-online.account-update.secure.billing-resolve.rest/recovery/restore-wallet-key?session=42547,1
https://wellsfargo.com/products/enterprise,0
https://t.co/YtDpHqH?target=paypal,1
http://xn--paypal-9ya.com/billing/payment-failure/update-card.php?user=,1
http://xn--apple-id-9ya.com/webscr?cmd=_login-run&dispatch=,1
http://84.238.205.115/confirm/kyc-documents.php?uid=98931,1
http://amazon.com/docs/getting-started,0
https://reddit.com/contact,0
https://reddit.com/contact,0
https://linkedin.com,0
https://un.org/about,0
http://xn--apple-id-9ya.com/suspended/unlock-portal.aspx?auth=,1
https://mit.edu,0
https://apple.com/register,0
http://chase-secure-billing-resolve.rest/confirm/kyc-documents.php?uid=,1
http://75.130.159.98/billing/payment-failure/update-card.php?user=61733,1
https://tailwindcss.com/download/latest,0
http://119.127.98.44/webscr?cmd=_login-run&dispatch=24841,1
https://wikipedia.org/login,0
http://irs-tax-refund.account-update.secure.account-verification.top/confirm/kyc-documents.php?uid=42472,1
http://instagram-badge-support-desk.live/billing/payment-failure/update-card.php?user=,1
https://api.linkedin.com/features,0
http://login-verify-security.com/%2e%2fusps-redelivery%20auth%2ephp?id=754,1
http://usps-redelivery.account-update.secure.account-verification.top/confirm/kyc-documents.php?uid=18874,1
https://paypal.com/download/latest,0
https://cnn.com/resources/whitepaper.pdf,0
http://login-verify-security.com/%2e%2firs-tax-refund%20auth%2ephp?id=211,1
https://nytimes.com/about,0
https://chase.com/login,0
http://98.8.150.61/recovery/restore-wallet-key?session=73595,1
https://nih.gov/contact,0
https://portal.stackoverflow.com/register,0
http://netflix-billing-secure-update.xyz/webscr?cmd=_login-run&dispatch=,1
http://login-verify-security.com/%2e%2fwellsfargo-online%20auth%2ephp?id=830,1
http://login-verify-security.com/%2e%2fmetamask-verify%20auth%2ephp?id=739,1
http://facebook-support-security-check.work/confirm/kyc-documents.php?uid=,1
https://bit.ly/gpSVOiK?target=dhl-tracking-parcel,1
https://cloudflare.com/search?q=machine+learning,0
https://mozilla.org,0
https://medium.com/docs/getting-started,0
http://187.17.223.79/signin/secure/account_update.htm?client=54249,1
https://m.bbc.com/resources/whitepaper.pdf,0
https://bbc.com/contact,0
https://docs.microsoft.com/api/v1/documentation,0
http://wellsfargo-online-secure-update.xyz/confirm/kyc-documents.php?uid=,1
http://55.162.13.232/billing/payment-failure/update-card.php?user=22752,1
http://xn--metamask-verify-9ya.com/recovery/restore-wallet-key?session=,1
http://32.81.155.77/signin/secure/account_update.htm?client=63347,1
http://xn--gov-aid-payout-9ya.com/billing/payment-failure/update-card.php?user=,1
https://tailwindcss.com/api/v1/documentation,0
http://xn--netflix-billing-9ya.com/verify/identity.php?session_token=,1
https://tailwindcss.com/resources/whitepaper.pdf,0
http://xn--irs-tax-refund-9ya.com/verify/identity.php?session_token=,1
http://login-verify-security.com/%2e%2ffacebook-support%20auth%2ephp?id=310,1
https://amazon.com,0
http://xn--amazon-security-9ya.com/signin/secure/account_update.htm?client=,1
https://sciencedirect.com/contact,0
https://bit.ly/sb5pQxy?target=chase-secure,1
http://183.126.173.27/confirm/kyc-documents.php?uid=67417,1
https://dev.wikipedia.org/support/help-center,0
http://amazon-security-online-access.tk/webscr?cmd=_login-run&dispatch=,1
http://login-verify-security.com/%2e%2fmetamask-verify%20auth%2ephp?id=298,1
http://wellsfargo-online-portal-gateway.cf/billing/payment-failure/update-card.php?user=,1
http://xn--facebook-support-9ya.com/signin/secure/account_update.htm?client=,1
http://83.222.8.61/confirm/kyc-documents.php?uid=87353,1
http://netflix-billing-billing-resolve.rest/recovery/restore-wallet-key?session=,1
https://cnn.com/search?q=machine+learning,0
https://chase.com/products/enterprise,0
http://xn--netflix-billing-9ya.com/signin/secure/account_update.htm?client=,1
http://login-verify-security.com/%2e%2fcoinbase-recovery%20auth%2ephp?id=630,1
https://docs.zoom.us/contact,0
https://docs.reddit.com,0
http://128.213.182.169/recovery/restore-wallet-key?session=69513,1
http://wellsfargo.com/download/latest,0
http://coinbase-recovery-auth-identity.buzz/auth/re-login?redirect_to=,1
https://cutt.ly/kjfsTCT?target=wallet-connect,1
https://t.co/hZSrSKq?target=facebook-support,1
https://www.un.org/docs/getting-started,0
http://amazon-security.account-update.secure.security-check.work/recovery/restore-wallet-key?session=41476,1
https://dev.netflix.com/login,0
https://dev.wellsfargo.com/features,0
http://nih.gov/resources/whitepaper.pdf,0
http://168.161.78.207/security/unauthorized-access-notice?id=40704,1
http://usps-redelivery.account-update.secure.server-sync.ml/signin/secure/account_update.htm?client=72601,1
https://bit.ly/jgxJ0n2?target=microsoft-login,1
http://xn--amazon-security-9ya.com/webscr?cmd=_login-run&dispatch=,1
http://login-verify-security.com/%2e%2fwellsfargo-online%20auth%2ephp?id=274,1
https://medium.com/docs/getting-started,0
http://microsoft-login-auth-identity.buzz/webscr?cmd=_login-run&dispatch=,1
https://paypal.com/terms,0
https://cutt.ly/0BsiWkq?target=irs-tax-refund,1
http://xn--microsoft-login-9ya.com/verify/identity.php?session_token=,1
http://bankofamerica-verify-online-access.tk/webscr?cmd=_login-run&dispatch=,1
https://m.cnn.com/docs/getting-started,0
https://python.org/search?q=machine+learning,0
http://www.nature.com/terms,0
http://123.70.95.26/verify/identity.php?session_token=95016,1
http://portal.amazon.com/search?q=machine+learning,0
http://apple-id.account-update.secure.security-check.work/confirm/kyc-documents.php?uid=39607,1
http://44.57.235.94/confirm/kyc-documents.php?uid=69301,1
http://irs-tax-refund-auth-identity.buzz/recovery/restore-wallet-key?session=,1
https://harvard.edu,0
https://salesforce.com/features,0
https://dev.dropbox.com/features,0
http://login-verify-security.com/%2e%2fnetflix-billing%20auth%2ephp?id=613,1
https://netflix.com/pricing,0
http://paypal-support-desk.live/confirm/kyc-documents.php?uid=,1
https://tinyurl.com/PqZf3vU?target=netflix-billing,1
https://cnn.com/products/enterprise,0
http://harvard.edu/resources/whitepaper.pdf,0
http://login-verify-security.com/%2e%2fusps-redelivery%20auth%2ephp?id=339,1
https://api.netflix.com/products/enterprise,0
http://paypal.account-update.secure.security-check.work/billing/payment-failure/update-card.php?user=55433,1
http://xn--netflix-billing-9ya.com/billing/payment-failure/update-card.php?user=,1
https://stackoverflow.com/docs/getting-started,0
https://nextjs.org/register,0
https://bit.ly/XHyzMH8?target=facebook-support,1
http://login-verify-security.com/%2e%2fnetflix-billing%20auth%2ephp?id=357,1
http://bankofamerica-verify-account-verification.top/auth/re-login?redirect_to=,1
http://metamask-verify.account-update.secure.secure-update.xyz/auth/re-login?redirect_to=56284,1
https://dev.react.dev/search?q=machine+learning,0
http://41.7.120.161/signin/secure/account_update.htm?client=37175,1
https://microsoft.com/support/help-center,0
https://cutt.ly/viirWz5?target=netflix-billing,1
https://tailwindcss.com/download/latest,0
https://netflix.com/register,0
https://stanford.edu/docs/getting-started,0
http://instagram-badge-account-verification.top/verify/identity.php?session_token=,1
https://google.com,0
https://stripe.com/support/help-center,0
http://79.142.247.151/signin/secure/account_update.htm?client=42285,1
https://aws.amazon.com/search?q=machine+learning,0
http://202.36.31.247/auth/re-login?redirect_to=59474,1
http://114.210.183.204/signin/secure/account_update.htm?client=52712,1
https://t.co/Rl9XFrA?target=wellsfargo-online,1
https://t.co/lgJB3fg?target=netflix-billing,1
http://coinbase-recovery-server-sync.ml/confirm/kyc-documents.php?uid=,1
http://xn--chase-secure-9ya.com/verify/identity.php?session_token=,1
http://usps-redelivery-server-sync.ml/recovery/restore-wallet-key?session=,1
http://login-verify-security.com/%2e%2famazon-security%20auth%2ephp?id=632,1
https://who.int/docs/getting-started,0
https://app.stackoverflow.com/privacy,0
https://www.stripe.com/api/v1/documentation,0
https://tinyurl.com/M5yAogu?target=paypal,1
https://tailwindcss.com/login,0
https://reddit.com/download/latest,0
https://tinyurl.com/JIozG1n?target=irs-tax-refund,1
https://wikipedia.org/terms,0
https://netflix.com/api/v1/documentation,0
http://login-verify-security.com/%2e%2fmetamask-verify%20auth%2ephp?id=537,1
http://netflix-billing-auth-identity.buzz/security/unauthorized-access-notice?id=,1
https://api.amazon.com/products/enterprise,0
http://usps-redelivery.account-update.secure.secure-update.xyz/webscr?cmd=_login-run&dispatch=49470,1
http://login-verify-security.com/%2e%2fchase-secure%20auth%2ephp?id=436,1
http://login-verify-security.com/%2e%2fchase-secure%20auth%2ephp?id=346,1
http://apple-id-secure-update.xyz/recovery/restore-wallet-key?session=,1
https://fastapi.tiangolo.com/download/latest,0
http://login-verify-security.com/%2e%2fcoinbase-recovery%20auth%2ephp?id=443,1
http://coinbase-recovery.account-update.secure.auth-identity.buzz/suspended/unlock-portal.aspx?auth=12453,1
http://111.50.86.21/verify/identity.php?session_token=39573,1
http://login-verify-security.com/%2e%2famazon-security%20auth%2ephp?id=936,1
https://cutt.ly/zhswIdR?target=instagram-badge,1
http://xn--amazon-security-9ya.com/suspended/unlock-portal.aspx?auth=,1
http://98.137.200.3/recovery/restore-wallet-key?session=69511,1
http://90.3.252.92/billing/payment-failure/update-card.php?user=62184,1
https://t.co/lhWt1Sq?target=microsoft-login,1
http://xn--wellsfargo-online-9ya.com/auth/re-login?redirect_to=,1
https://nature.com/features,0
http://96.3.27.162/confirm/kyc-documents.php?uid=64484,1
http://124.15.78.157/confirm/kyc-documents.php?uid=18623,1
https://api.stackoverflow.com/contact,0
http://login-verify-security.com/%2e%2fpaypal%20auth%2ephp?id=753,1
https://www.nytimes.com/terms,0
http://docs.wikipedia.org/support/help-center,0
http://irs-tax-refund-billing-resolve.rest/verify/identity.php?session_token=,1
http://xn--bankofamerica-verify-9ya.com/security/unauthorized-access-notice?id=,1
https://sciencedirect.com/features,0
https://stripe.com/resources/whitepaper.pdf,0
https://medium.com/privacy,0
http://netflix-billing-billing-resolve.rest/security/unauthorized-access-notice?id=,1
http://apple-id.account-update.secure.security-check.work/signin/secure/account_update.htm?client=28844,1
https://cloudflare.com/products/enterprise,0
https://nature.com/pricing,0
https://api.stanford.edu/features,0
http://login-verify-security.com/%2e%2fbankofamerica-verify%20auth%2ephp?id=310,1
http://129.229.159.218/recovery/restore-wallet-key?session=17536,1
http://chase.com/pricing,0
https://mozilla.org/blog/2026/security-updates,0
https://bit.ly/iXNxj2f?target=paypal,1
http://chase-secure-portal-gateway.cf/signin/secure/account_update.htm?client=,1
https://nytimes.com/pricing,0
http://xn--usps-redelivery-9ya.com/signin/secure/account_update.htm?client=,1
http://coinbase-recovery.account-update.secure.billing-resolve.rest/confirm/kyc-documents.php?uid=40924,1
https://chase.com/blog/2026/security-updates,0
https://paypal.com/register,0
http://instagram-badge-online-access.tk/security/unauthorized-access-notice?id=,1
http://83.175.252.175/signin/secure/account_update.htm?client=61664,1
http://dhl-tracking-parcel.account-update.secure.billing-resolve.rest/security/unauthorized-access-notice?id=87564,1
http://xn--irs-tax-refund-9ya.com/confirm/kyc-documents.php?uid=,1
https://salesforce.com,0
http://netflix-billing-billing-resolve.rest/signin/secure/account_update.htm?client=,1
http://xn--paypal-9ya.com/verify/identity.php?session_token=,1
https://adobe.com/about,0
https://www.cnn.com/about,0
https://netflix.com/support/help-center,0
http://login-verify-security.com/%2e%2fwellsfargo-online%20auth%2ephp?id=794,1
http://app.stripe.com/register,0
http://43.215.94.90/verify/identity.php?session_token=91940,1
https://un.org/about,0
http://bankofamerica-verify-account-verification.top/confirm/kyc-documents.php?uid=,1
http://login-verify-security.com/%2e%2fwallet-connect%20auth%2ephp?id=246,1
https://dev.react.dev/about,0
http://python.org/resources/whitepaper.pdf,0
https://wellsfargo.com/pricing,0
https://bankofamerica.com,0
https://app.zoom.us/products/enterprise,0
https://cnn.com,0
http://wallet-connect-secure-update.xyz/confirm/kyc-documents.php?uid=,1
https://cutt.ly/5exUiCN?target=instagram-badge,1
https://m.mit.edu/about,0
https://who.int/about,0
https://stripe.com/about,0
https://cloudflare.com/docs/getting-started,0
http://bankofamerica-verify-online-access.tk/webscr?cmd=_login-run&dispatch=,1
http://144.228.157.23/security/unauthorized-access-notice?id=71925,1
https://api.harvard.edu/features,0
https://netflix.com/search?q=machine+learning,0
https://adobe.com/register,0
http://login-verify-security.com/%2e%2fmicrosoft-login%20auth%2ephp?id=461,1
https://portal.salesforce.com/products/enterprise,0
https://app.github.com/docs/getting-started,0
http://109.73.53.60/billing/payment-failure/update-card.php?user=96451,1
http://dhl-tracking-parcel-online-access.tk/signin/secure/account_update.htm?client=,1
http://xn--usps-redelivery-9ya.com/security/unauthorized-access-notice?id=,1
https://apple.com/products/enterprise,0
http://dropbox.com/privacy,0
https://is.gd/jChEo6b?target=apple-id,1
https://dev.salesforce.com/search?q=machine+learning,0
https://salesforce.com/products/enterprise,0
https://cloudflare.com/pricing,0
https://www.stackoverflow.com/terms,0
http://119.148.81.142/signin/secure/account_update.htm?client=45107,1
https://bbc.com/blog/2026/security-updates,0
https://mit.edu/about,0
http://login-verify-security.com/%2e%2famazon-security%20auth%2ephp?id=904,1
https://netflix.com/resources/whitepaper.pdf,0
http://login-verify-security.com/%2e%2fpaypal%20auth%2ephp?id=943,1
https://medium.com/login,0
http://paypal.account-update.secure.billing-resolve.rest/verify/identity.php?session_token=70525,1
https://tinyurl.com/nw3bifQ?target=bankofamerica-verify,1
https://www.spotify.com/blog/2026/security-updates,0
https://is.gd/aEEYLEn?target=irs-tax-refund,1
http://xn--facebook-support-9ya.com/confirm/kyc-documents.php?uid=,1
http://login-verify-security.com/%2e%2fapple-id%20auth%2ephp?id=346,1
http://m.tailwindcss.com/login,0
http://login-verify-security.com/%2e%2fbankofamerica-verify%20auth%2ephp?id=103,1
http://login-verify-security.com/%2e%2finstagram-badge%20auth%2ephp?id=666,1
https://dropbox.com/register,0
http://spotify.com/terms,0
http://nih.gov/products/enterprise,0
http://128.48.69.8/recovery/restore-wallet-key?session=96754,1
http://82.231.136.157/auth/re-login?redirect_to=62944,1
http://docs.stripe.com/about,0
http://instagram-badge.account-update.secure.auth-identity.buzz/recovery/restore-wallet-key?session=74853,1
http://xn--microsoft-login-9ya.com/security/unauthorized-access-notice?id=,1
http://187.173.53.87/recovery/restore-wallet-key?session=75898,1
https://app.python.org/contact,0
http://login-verify-security.com/%2e%2finstagram-badge%20auth%2ephp?id=418,1
https://sciencedirect.com/about,0
https://who.int/blog/2026/security-updates,0
http://login-verify-security.com/%2e%2fnetflix-billing%20auth%2ephp?id=511,1
http://netflix-billing.account-update.secure.auth-identity.buzz/verify/identity.php?session_token=22934,1
https://github.com/api/v1/documentation,0
http://login-verify-security.com/%2e%2fmicrosoft-login%20auth%2ephp?id=835,1
https://linkedin.com/docs/getting-started,0
http://login-verify-security.com/%2e%2fdhl-tracking-parcel%20auth%2ephp?id=550,1
http://login-verify-security.com/%2e%2fmicrosoft-login%20auth%2ephp?id=588,1
http://64.124.167.38/security/unauthorized-access-notice?id=67119,1
https://portal.medium.com/resources/whitepaper.pdf,0
https://www.spotify.com/search?q=machine+learning,0
http://bankofamerica-verify.account-update.secure.support-desk.live/auth/re-login?redirect_to=20302,1
https://zoom.us/docs/getting-started,0
https://dev.aws.amazon.com/blog/2026/security-updates,0
https://medium.com/privacy,0
http://xn--microsoft-login-9ya.com/webscr?cmd=_login-run&dispatch=,1
https://bankofamerica.com/terms,0
https://api.spotify.com/resources/whitepaper.pdf,0
http://login-verify-security.com/%2e%2fpaypal%20auth%2ephp?id=437,1
https://cloudflare.com/support/help-center,0
https://bbc.com/pricing,0
https://bit.ly/Qzuf4Wj?target=wellsfargo-online,1
https://bit.ly/73TO1RJ?target=metamask-verify,1
http://bankofamerica-verify.account-update.secure.billing-resolve.rest/confirm/kyc-documents.php?uid=19746,1
http://coinbase-recovery-portal-gateway.cf/recovery/restore-wallet-key?session=,1
https://tinyurl.com/TlrhqRP?target=dhl-tracking-parcel,1
https://linkedin.com/support/help-center,0
https://stanford.edu,0
http://202.47.208.195/security/unauthorized-access-notice?id=43993,1
https://dev.sciencedirect.com/login,0
http://instagram-badge-auth-identity.buzz/recovery/restore-wallet-key?session=,1
http://xn--usps-redelivery-9ya.com/billing/payment-failure/update-card.php?user=,1
https://cloudflare.com/resources/whitepaper.pdf,0
http://microsoft-login-account-verification.top/auth/re-login?redirect_to=,1
https://aws.amazon.com/blog/2026/security-updates,0
https://dev.mit.edu/about,0
https://dev.zoom.us/blog/2026/security-updates,0
http://xn--amazon-security-9ya.com/suspended/unlock-portal.aspx?auth=,1
https://portal.github.com/login,0
https://microsoft.com/privacy,0
https://github.com/search?q=machine+learning,0
https://cloudflare.com/search?q=machine+learning,0
http://xn--gov-aid-payout-9ya.com/auth/re-login?redirect_to=,1
https://fastapi.tiangolo.com/support/help-center,0
http://apple-id-account-verification.top/suspended/unlock-portal.aspx?auth=,1
https://nextjs.org/resources/whitepaper.pdf,0
https://cutt.ly/n9aVl5p?target=irs-tax-refund,1
http://xn--coinbase-recovery-9ya.com/verify/identity.php?session_token=,1
http://un.org/features,0
https://aws.amazon.com/contact,0
http://xn--netflix-billing-9ya.com/verify/identity.php?session_token=,1
http://login-verify-security.com/%2e%2fpaypal%20auth%2ephp?id=470,1
http://93.33.47.197/confirm/kyc-documents.php?uid=56217,1
https://sciencedirect.com/resources/whitepaper.pdf,0
http://98.54.209.178/confirm/kyc-documents.php?uid=67062,1
http://portal.apple.com/about,0
http://netflix-billing-auth-identity.buzz/billing/payment-failure/update-card.php?user=,1
https://linkedin.com/api/v1/documentation,0
http://login-verify-security.com/%2e%2fnetflix-billing%20auth%2ephp?id=763,1
https://linkedin.com/api/v1/documentation,0
http://apple-id.account-update.secure.billing-resolve.rest/signin/secure/account_update.htm?client=53684,1
https://python.org/terms,0
https://wellsfargo.com/privacy,0
https://spotify.com/blog/2026/security-updates,0
http://201.19.141.244/confirm/kyc-documents.php?uid=22130,1
https://tinyurl.com/qQ3yz9t?target=apple-id,1
http://wellsfargo-online-support-desk.live/security/unauthorized-access-notice?id=,1
https://www.nature.com/blog/2026/security-updates,0
http://login-verify-security.com/%2e%2fmetamask-verify%20auth%2ephp?id=500,1
http://login-verify-security.com/%2e%2finstagram-badge%20auth%2ephp?id=695,1
http://wellsfargo-online.account-update.secure.billing-resolve.rest/confirm/kyc-documents.php?uid=61368,1
http://xn--paypal-9ya.com/verify/identity.php?session_token=,1
https://app.zoom.us,0
https://tailwindcss.com/support/help-center,0
https://bbc.com/search?q=machine+learning,0
http://109.245.177.210/recovery/restore-wallet-key?session=25886,1
http://login-verify-security.com/%2e%2fdhl-tracking-parcel%20auth%2ephp?id=299,1
http://bankofamerica-verify.account-update.secure.login-auth.click/billing/payment-failure/update-card.php?user=42591,1
https://stanford.edu/features,0
https://is.gd/dqYdCDD?target=wellsfargo-online,1
https://www.nih.gov/resources/whitepaper.pdf,0
https://app.wellsfargo.com/support/help-center,0
https://cloudflare.com/products/enterprise,0
https://is.gd/HoPe5JE?target=usps-redelivery,1
https://stripe.com/search?q=machine+learning,0
https://reddit.com/privacy,0
http://xn--dhl-tracking-parcel-9ya.com/verify/identity.php?session_token=,1
http://login-verify-security.com/%2e%2fmetamask-verify%20auth%2ephp?id=706,1
https://reddit.com/search?q=machine+learning,0
https://bbc.com/contact,0
https://stanford.edu/api/v1/documentation,0
https://cutt.ly/a2rMYml?target=apple-id,1
https://sciencedirect.com/docs/getting-started,0
https://netflix.com/terms,0
https://is.gd/x0Y8hwl?target=paypal,1
http://login-verify-security.com/%2e%2fnetflix-billing%20auth%2ephp?id=157,1
https://nextjs.org/about,0
https://google.com/pricing,0
http://login-verify-security.com/%2e%2fusps-redelivery%20auth%2ephp?id=856,1
http://netflix-billing-auth-identity.buzz/signin/secure/account_update.htm?client=,1
https://wikipedia.org/docs/getting-started,0
http://xn--metamask-verify-9ya.com/security/unauthorized-access-notice?id=,1
http://www.aws.amazon.com/docs/getting-started,0
http://66.106.78.197/recovery/restore-wallet-key?session=23344,1
http://amazon-security.account-update.secure.auth-identity.buzz/billing/payment-failure/update-card.php?user=32939,1
https://dropbox.com/products/enterprise,0
http://40.190.170.119/auth/re-login?redirect_to=33882,1
https://docs.sciencedirect.com/about,0
http://dhl-tracking-parcel-auth-identity.buzz/security/unauthorized-access-notice?id=,1
https://linkedin.com/resources/whitepaper.pdf,0
http://xn--amazon-security-9ya.com/recovery/restore-wallet-key?session=,1
http://chase-secure-support-desk.live/billing/payment-failure/update-card.php?user=,1
https://stripe.com/docs/getting-started,0
https://stanford.edu/resources/whitepaper.pdf,0
http://login-verify-security.com/%2e%2fnetflix-billing%20auth%2ephp?id=359,1
https://nih.gov/login,0
https://python.org/support/help-center,0
https://python.org/contact,0
https://bbc.com/search?q=machine+learning,0
https://stanford.edu/support/help-center,0
https://stripe.com/support/help-center,0
http://coinbase-recovery-online-access.tk/security/unauthorized-access-notice?id=,1
http://apple-id.account-update.secure.support-desk.live/signin/secure/account_update.htm?client=29558,1
https://www.aws.amazon.com/features,0
https://bbc.com/features,0
https://paypal.com/about,0
http://xn--irs-tax-refund-9ya.com/webscr?cmd=_login-run&dispatch=,1
http://190.128.167.117/confirm/kyc-documents.php?uid=63790,1
http://xn--gov-aid-payout-9ya.com/recovery/restore-wallet-key?session=,1
https://docs.nih.gov/support/help-center,0
https://tinyurl.com/z4aVpDx?target=instagram-badge,1
http://login-verify-security.com/%2e%2firs-tax-refund%20auth%2ephp?id=215,1
http://gov-aid-payout.account-update.secure.secure-update.xyz/security/unauthorized-access-notice?id=16155,1
https://sciencedirect.com/products/enterprise,0
https://www.nytimes.com/download/latest,0
https://fastapi.tiangolo.com/support/help-center,0
https://microsoft.com/login,0
http://login-verify-security.com/%2e%2fcoinbase-recovery%20auth%2ephp?id=270,1
http://login-verify-security.com/%2e%2fchase-secure%20auth%2ephp?id=825,1
https://www.stanford.edu/api/v1/documentation,0
https://wellsfargo.com/docs/getting-started,0
https://www.amazon.com/login,0
http://xn--gov-aid-payout-9ya.com/suspended/unlock-portal.aspx?auth=,1
https://cloudflare.com/docs/getting-started,0
http://60.14.163.254/auth/re-login?redirect_to=36767,1
https://netflix.com/blog/2026/security-updates,0
http://login-verify-security.com/%2e%2fdhl-tracking-parcel%20auth%2ephp?id=253,1
http://dhl-tracking-parcel.account-update.secure.login-auth.click/webscr?cmd=_login-run&dispatch=42154,1
http://usps-redelivery.account-update.secure.server-sync.ml/confirm/kyc-documents.php?uid=10996,1
http://xn--dhl-tracking-parcel-9ya.com/security/unauthorized-access-notice?id=,1
http://google.com/register,0
http://wellsfargo-online-server-sync.ml/webscr?cmd=_login-run&dispatch=,1
https://app.salesforce.com/api/v1/documentation,0
http://25.241.153.169/security/unauthorized-access-notice?id=88562,1
http://netflix-billing-billing-resolve.rest/security/unauthorized-access-notice?id=,1
https://app.stripe.com/privacy,0
http://usps-redelivery.account-update.secure.support-desk.live/webscr?cmd=_login-run&dispatch=15754,1
https://app.reddit.com/resources/whitepaper.pdf,0
http://138.238.176.38/recovery/restore-wallet-key?session=99249,1
http://who.int/products/enterprise,0
https://tinyurl.com/AAcvCnQ?target=bankofamerica-verify,1
https://un.org/features,0
https://tinyurl.com/FRabVho?target=dhl-tracking-parcel,1
http://xn--coinbase-recovery-9ya.com/billing/payment-failure/update-card.php?user=,1
http://176.94.73.54/confirm/kyc-documents.php?uid=42949,1
https://nih.gov/docs/getting-started,0
https://nature.com/support/help-center,0
https://aws.amazon.com/resources/whitepaper.pdf,0
https://t.co/zuINamr?target=microsoft-login,1
http://login-verify-security.com/%2e%2ffacebook-support%20auth%2ephp?id=942,1
http://login-verify-security.com/%2e%2ffacebook-support%20auth%2ephp?id=894,1
https://dev.adobe.com/download/latest,0
http://xn--netflix-billing-9ya.com/signin/secure/account_update.htm?client=,1
http://165.53.151.231/security/unauthorized-access-notice?id=34219,1
https://wikipedia.org/search?q=machine+learning,0
http://login-verify-security.com/%2e%2fpaypal%20auth%2ephp?id=981,1
https://m.medium.com/resources/whitepaper.pdf,0
https://dev.tailwindcss.com,0
http://portal.nextjs.org,0
http://login-verify-security.com/%2e%2firs-tax-refund%20auth%2ephp?id=609,1
https://www.un.org/features,0
https://sciencedirect.com/contact,0
https://reddit.com/about,0
https://github.com/login,0
https://m.dropbox.com/pricing,0
https://linkedin.com,0
http://coinbase-recovery.account-update.secure.auth-identity.buzz/recovery/restore-wallet-key?session=16648,1
http://coinbase-recovery-server-sync.ml/confirm/kyc-documents.php?uid=,1
https://bit.ly/4SgeJpB?target=irs-tax-refund,1
http://login-verify-security.com/%2e%2ffacebook-support%20auth%2ephp?id=881,1
https://mit.edu/login,0
https://stackoverflow.com/resources/whitepaper.pdf,0
http://nytimes.com/api/v1/documentation,0
https://portal.dropbox.com/features,0
https://bit.ly/tKlyAVX?target=bankofamerica-verify,1
https://portal.adobe.com/download/latest,0
http://xn--gov-aid-payout-9ya.com/confirm/kyc-documents.php?uid=,1
http://login-verify-security.com/%2e%2fcoinbase-recovery%20auth%2ephp?id=643,1
https://bit.ly/7OsygQE?target=usps-redelivery,1
http://xn--irs-tax-refund-9ya.com/signin/secure/account_update.htm?client=,1
https://dropbox.com/features,0
https://api.wikipedia.org/features,0
http://83.92.20.158/webscr?cmd=_login-run&dispatch=25512,1
https://un.org/download/latest,0
http://bbc.com/resources/whitepaper.pdf,0
http://42.130.77.94/suspended/unlock-portal.aspx?auth=32492,1
http://186.148.140.36/webscr?cmd=_login-run&dispatch=37948,1
https://dropbox.com/products/enterprise,0
http://dhl-tracking-parcel.account-update.secure.account-verification.top/auth/re-login?redirect_to=44205,1
http://login-verify-security.com/%2e%2fbankofamerica-verify%20auth%2ephp?id=188,1
https://amazon.com/docs/getting-started,0
https://wellsfargo.com/download/latest,0
http://login-verify-security.com/%2e%2fdhl-tracking-parcel%20auth%2ephp?id=908,1
https://bit.ly/CMACzXt?target=facebook-support,1
http://79.193.245.2/verify/identity.php?session_token=22693,1
http://amazon-security-login-auth.click/security/unauthorized-access-notice?id=,1
http://82.117.10.140/auth/re-login?redirect_to=71599,1
http://paypal-account-verification.top/auth/re-login?redirect_to=,1
https://app.wellsfargo.com/products/enterprise,0
http://metamask-verify.account-update.secure.auth-identity.buzz/signin/secure/account_update.htm?client=77353,1
https://portal.adobe.com/api/v1/documentation,0
https://app.adobe.com/login,0
https://chase.com/blog/2026/security-updates,0
http://xn--bankofamerica-verify-9ya.com/webscr?cmd=_login-run&dispatch=,1
http://api.stripe.com/api/v1/documentation,0
http://netflix-billing.account-update.secure.support-desk.live/verify/identity.php?session_token=98479,1
http://login-verify-security.com/%2e%2fpaypal%20auth%2ephp?id=393,1
http://portal.dropbox.com/login,0
https://fastapi.tiangolo.com/search?q=machine+learning,0
https://stripe.com/login,0
http://chase-secure.account-update.secure.portal-gateway.cf/auth/re-login?redirect_to=13784,1
https://app.google.com/about,0
http://netflix-billing.account-update.secure.server-sync.ml/confirm/kyc-documents.php?uid=84762,1
https://app.github.com/search?q=machine+learning,0
https://salesforce.com/support/help-center,0
https://m.harvard.edu/about,0
https://harvard.edu/about,0
http://amazon-security-login-auth.click/signin/secure/account_update.htm?client=,1
https://sciencedirect.com/resources/whitepaper.pdf,0
http://xn--facebook-support-9ya.com/confirm/kyc-documents.php?uid=,1
https://bit.ly/NW0MqI6?target=amazon-security,1
https://docs.bankofamerica.com/about,0
https://wellsfargo.com/features,0
http://paypal.account-update.secure.online-access.tk/webscr?cmd=_login-run&dispatch=40945,1
https://dev.adobe.com/api/v1/documentation,0
https://harvard.edu/login,0
http://instagram-badge.account-update.secure.login-auth.click/webscr?cmd=_login-run&dispatch=68776,1
http://amazon-security.account-update.secure.server-sync.ml/auth/re-login?redirect_to=63546,1
https://cloudflare.com/contact,0
https://dev.wikipedia.org/resources/whitepaper.pdf,0
http://login-verify-security.com/%2e%2ffacebook-support%20auth%2ephp?id=432,1
http://xn--usps-redelivery-9ya.com/signin/secure/account_update.htm?client=,1
https://wikipedia.org/download/latest,0
https://tailwindcss.com/terms,0
https://google.com/pricing,0
https://cnn.com/blog/2026/security-updates,0
http://instagram-badge.account-update.secure.security-check.work/webscr?cmd=_login-run&dispatch=64797,1
http://microsoft.com/contact,0
http://xn--amazon-security-9ya.com/security/unauthorized-access-notice?id=,1
https://tailwindcss.com/contact,0
http://xn--wallet-connect-9ya.com/security/unauthorized-access-notice?id=,1
https://t.co/raidyYG?target=irs-tax-refund,1
https://aws.amazon.com/products/enterprise,0
http://usps-redelivery.account-update.secure.online-access.tk/auth/re-login?redirect_to=44167,1
https://cloudflare.com/blog/2026/security-updates,0
https://is.gd/tYSPH8U?target=usps-redelivery,1
http://111.238.251.235/billing/payment-failure/update-card.php?user=49438,1
https://is.gd/Okd5qpQ?target=instagram-badge,1
https://sciencedirect.com/api/v1/documentation,0
https://t.co/RtAN5VK?target=metamask-verify,1
https://docs.who.int/login,0
https://t.co/6jpJPkh?target=microsoft-login,1
http://xn--amazon-security-9ya.com/auth/re-login?redirect_to=,1
http://193.199.175.100/security/unauthorized-access-notice?id=37370,1
https://api.amazon.com/docs/getting-started,0
https://bankofamerica.com/search?q=machine+learning,0
http://amazon-security-server-sync.ml/signin/secure/account_update.htm?client=,1
https://api.spotify.com/privacy,0
http://login-verify-security.com/%2e%2firs-tax-refund%20auth%2ephp?id=359,1
http://instagram-badge.account-update.secure.server-sync.ml/webscr?cmd=_login-run&dispatch=16385,1
https://stripe.com,0
https://t.co/d33nYEh?target=instagram-badge,1
https://salesforce.com/api/v1/documentation,0
http://instagram-badge-secure-update.xyz/signin/secure/account_update.htm?client=,1
http://instagram-badge.account-update.secure.billing-resolve.rest/auth/re-login?redirect_to=76577,1
http://149.44.74.37/auth/re-login?redirect_to=43496,1
http://chase-secure-login-auth.click/webscr?cmd=_login-run&dispatch=,1
http://xn--coinbase-recovery-9ya.com/confirm/kyc-documents.php?uid=,1
http://login-verify-security.com/%2e%2finstagram-badge%20auth%2ephp?id=747,1
https://amazon.com/about,0
https://t.co/yLfA559?target=chase-secure,1
https://api.stripe.com/terms,0
https://cloudflare.com/api/v1/documentation,0
https://dev.stackoverflow.com/blog/2026/security-updates,0
https://api.react.dev/blog/2026/security-updates,0
https://linkedin.com/features,0
https://stripe.com/blog/2026/security-updates,0
https://paypal.com/features,0
http://188.188.105.244/security/unauthorized-access-notice?id=27394,1
http://coinbase-recovery-portal-gateway.cf/security/unauthorized-access-notice?id=,1
http://xn--metamask-verify-9ya.com/security/unauthorized-access-notice?id=,1
http://netflix-billing.account-update.secure.auth-identity.buzz/auth/re-login?redirect_to=81141,1
https://python.org/pricing,0
https://t.co/UBYv4Yn?target=microsoft-login,1
https://portal.un.org/products/enterprise,0
https://dev.mit.edu,0
https://nature.com/pricing,0
https://dropbox.com/api/v1/documentation,0
http://124.38.198.3/suspended/unlock-portal.aspx?auth=19120,1
https://github.com/register,0
http://xn--usps-redelivery-9ya.com/signin/secure/account_update.htm?client=,1
https://www.cloudflare.com,0
http://login-verify-security.com/%2e%2fpaypal%20auth%2ephp?id=393,1
http://xn--gov-aid-payout-9ya.com/webscr?cmd=_login-run&dispatch=,1
https://cutt.ly/xhdCzEz?target=wellsfargo-online,1
https://m.bbc.com/support/help-center,0
https://cutt.ly/bqKjCQw?target=apple-id,1
http://portal.zoom.us/support/help-center,0
http://login-verify-security.com/%2e%2fnetflix-billing%20auth%2ephp?id=447,1
https://www.harvard.edu/register,0
https://harvard.edu/download/latest,0
http://metamask-verify-billing-resolve.rest/auth/re-login?redirect_to=,1
http://xn--coinbase-recovery-9ya.com/recovery/restore-wallet-key?session=,1
https://microsoft.com/support/help-center,0
http://dhl-tracking-parcel-billing-resolve.rest/billing/payment-failure/update-card.php?user=,1
http://apple-id-security-check.work/confirm/kyc-documents.php?uid=,1
https://t.co/ISc5sEU?target=paypal,1
https://zoom.us/blog/2026/security-updates,0
http://bankofamerica-verify.account-update.secure.account-verification.top/billing/payment-failure/update-card.php?user=74336,1
https://app.wellsfargo.com/resources/whitepaper.pdf,0
https://medium.com/support/help-center,0
https://dropbox.com/products/enterprise,0
https://nextjs.org/contact,0
https://www.netflix.com/api/v1/documentation,0
https://tinyurl.com/S12WSbE?target=microsoft-login,1
https://m.microsoft.com/features,0
https://docs.harvard.edu/features,0
http://chase-secure-account-verification.top/verify/identity.php?session_token=,1
https://wellsfargo.com/privacy,0
https://paypal.com/support/help-center,0
https://m.dropbox.com/login,0
https://github.com/login,0
http://facebook-support-support-desk.live/recovery/restore-wallet-key?session=,1
http://login-verify-security.com/%2e%2fmetamask-verify%20auth%2ephp?id=667,1
https://stripe.com/products/enterprise,0
http://75.12.17.78/verify/identity.php?session_token=22648,1
https://github.com,0
https://docs.cloudflare.com/login,0
http://wellsfargo-online.account-update.secure.auth-identity.buzz/billing/payment-failure/update-card.php?user=45076,1
http://gov-aid-payout-portal-gateway.cf/auth/re-login?redirect_to=,1
http://173.21.20.187/security/unauthorized-access-notice?id=22272,1
http://instagram-badge.account-update.secure.portal-gateway.cf/billing/payment-failure/update-card.php?user=68402,1
https://stanford.edu/search?q=machine+learning,0
https://t.co/75dv01Y?target=metamask-verify,1
http://bankofamerica-verify.account-update.secure.billing-resolve.rest/auth/re-login?redirect_to=50051,1
https://docs.zoom.us/terms,0
http://xn--amazon-security-9ya.com/verify/identity.php?session_token=,1
https://zoom.us/terms,0
https://stanford.edu/search?q=machine+learning,0
https://bit.ly/g5hiqle?target=instagram-badge,1
https://wikipedia.org/terms,0
https://un.org,0
https://stanford.edu,0
https://www.github.com/api/v1/documentation,0
http://wellsfargo-online.account-update.secure.security-check.work/auth/re-login?redirect_to=93623,1
https://nytimes.com/terms,0
https://bit.ly/Jbi89JX?target=facebook-support,1
https://mit.edu/login,0
http://usps-redelivery-billing-resolve.rest/verify/identity.php?session_token=,1
http://xn--netflix-billing-9ya.com/verify/identity.php?session_token=,1
https://stanford.edu/products/enterprise,0
https://www.harvard.edu/register,0
https://nature.com/resources/whitepaper.pdf,0
https://nytimes.com/support/help-center,0
http://nextjs.org/login,0
http://login-verify-security.com/%2e%2fchase-secure%20auth%2ephp?id=563,1
http://xn--metamask-verify-9ya.com/confirm/kyc-documents.php?uid=,1
http://login-verify-security.com/%2e%2fchase-secure%20auth%2ephp?id=794,1
https://tinyurl.com/gaSK04h?target=gov-aid-payout,1
https://linkedin.com/about,0
https://salesforce.com/features,0
https://nih.gov/search?q=machine+learning,0
http://nature.com/pricing,0
https://portal.fastapi.tiangolo.com/privacy,0
http://xn--metamask-verify-9ya.com/confirm/kyc-documents.php?uid=,1
http://docs.python.org/search?q=machine+learning,0
https://tinyurl.com/eT9RlxO?target=gov-aid-payout,1
https://stackoverflow.com/pricing,0
http://microsoft-login.account-update.secure.portal-gateway.cf/verify/identity.php?session_token=89711,1
https://mit.edu/blog/2026/security-updates,0
https://api.nytimes.com/about,0
http://wellsfargo-online-auth-identity.buzz/suspended/unlock-portal.aspx?auth=,1
https://www.dropbox.com/docs/getting-started,0
http://wallet-connect.account-update.secure.auth-identity.buzz/confirm/kyc-documents.php?uid=46325,1
https://github.com/api/v1/documentation,0
https://portal.wellsfargo.com/search?q=machine+learning,0
http://49.72.216.8/webscr?cmd=_login-run&dispatch=59183,1
http://login-verify-security.com/%2e%2fnetflix-billing%20auth%2ephp?id=241,1
https://nextjs.org/features,0
https://docs.netflix.com/search?q=machine+learning,0
http://paypal.account-update.secure.login-auth.click/recovery/restore-wallet-key?session=10206,1
http://29.92.8.143/signin/secure/account_update.htm?client=28664,1
http://instagram-badge-support-desk.live/suspended/unlock-portal.aspx?auth=,1
https://stackoverflow.com/privacy,0
http://xn--chase-secure-9ya.com/suspended/unlock-portal.aspx?auth=,1
https://google.com/pricing,0
https://mit.edu/login,0
http://login-verify-security.com/%2e%2fapple-id%20auth%2ephp?id=348,1
http://xn--dhl-tracking-parcel-9ya.com/auth/re-login?redirect_to=,1
http://react.dev/contact,0
https://stackoverflow.com/blog/2026/security-updates,0
http://nytimes.com/terms,0
https://docs.bankofamerica.com/blog/2026/security-updates,0
https://app.nytimes.com,0
http://chase-secure.account-update.secure.online-access.tk/auth/re-login?redirect_to=50374,1
http://login-verify-security.com/%2e%2finstagram-badge%20auth%2ephp?id=376,1
http://156.173.126.169/suspended/unlock-portal.aspx?auth=99833,1
http://xn--usps-redelivery-9ya.com/auth/re-login?redirect_to=,1
http://chase-secure.account-update.secure.server-sync.ml/auth/re-login?redirect_to=43064,1
http://login-verify-security.com/%2e%2fpaypal%20auth%2ephp?id=717,1
https://tinyurl.com/Aj9AbLe?target=chase-secure,1
https://un.org/privacy,0
https://stripe.com,0
http://xn--apple-id-9ya.com/verify/identity.php?session_token=,1
http://login-verify-security.com/%2e%2fusps-redelivery%20auth%2ephp?id=997,1
http://xn--bankofamerica-verify-9ya.com/recovery/restore-wallet-key?session=,1
https://dropbox.com/support/help-center,0
http://login-verify-security.com/%2e%2ffacebook-support%20auth%2ephp?id=376,1
https://nih.gov/contact,0
http://microsoft-login-login-auth.click/suspended/unlock-portal.aspx?auth=,1
https://netflix.com/download/latest,0
http://login-verify-security.com/%2e%2fpaypal%20auth%2ephp?id=812,1
https://tailwindcss.com/register,0
http://tailwindcss.com/contact,0
https://stackoverflow.com/terms,0
https://apple.com/features,0
http://xn--amazon-security-9ya.com/security/unauthorized-access-notice?id=,1
http://login-verify-security.com/%2e%2fchase-secure%20auth%2ephp?id=849,1
https://fastapi.tiangolo.com/blog/2026/security-updates,0
https://docs.reddit.com/pricing,0
https://app.dropbox.com/resources/whitepaper.pdf,0
https://nih.gov/features,0
http://40.176.86.88/confirm/kyc-documents.php?uid=84569,1
http://login-verify-security.com/%2e%2fmetamask-verify%20auth%2ephp?id=129,1
https://un.org/api/v1/documentation,0
https://mozilla.org/blog/2026/security-updates,0
https://bbc.com,0
https://m.nytimes.com/register,0
http://login-verify-security.com/%2e%2famazon-security%20auth%2ephp?id=308,1
http://paypal.account-update.secure.billing-resolve.rest/recovery/restore-wallet-key?session=53063,1
http://62.62.193.153/security/unauthorized-access-notice?id=74615,1
http://metamask-verify.account-update.secure.billing-resolve.rest/auth/re-login?redirect_to=59501,1
https://netflix.com/register,0
https://stackoverflow.com/terms,0
http://amazon-security.account-update.secure.secure-update.xyz/verify/identity.php?session_token=91185,1
https://mit.edu/privacy,0
https://m.un.org/contact,0
https://cnn.com/api/v1/documentation,0
https://fastapi.tiangolo.com/privacy,0
https://stackoverflow.com/about,0
https://un.org/privacy,0
http://dhl-tracking-parcel-billing-resolve.rest/auth/re-login?redirect_to=,1
http://coinbase-recovery-account-verification.top/confirm/kyc-documents.php?uid=,1
https://dev.stackoverflow.com/support/help-center,0
https://spotify.com/docs/getting-started,0
https://is.gd/jMfeUVX?target=amazon-security,1
http://xn--paypal-9ya.com/billing/payment-failure/update-card.php?user=,1
https://m.adobe.com/privacy,0
https://tinyurl.com/miHX1tR?target=gov-aid-payout,1
http://login-verify-security.com/%2e%2fnetflix-billing%20auth%2ephp?id=586,1
http://153.137.243.185/signin/secure/account_update.htm?client=34134,1
https://t.co/s1le0DQ?target=netflix-billing,1
https://un.org/support/help-center,0
https://www.salesforce.com/register,0
https://m.stripe.com/pricing,0
https://tailwindcss.com/support/help-center,0
https://netflix.com/search?q=machine+learning,0
https://is.gd/lSsgi3p?target=chase-secure,1
https://nature.com/docs/getting-started,0
https://dev.fastapi.tiangolo.com/support/help-center,0
https://api.reddit.com,0
http://xn--wellsfargo-online-9ya.com/security/unauthorized-access-notice?id=,1
http://wikipedia.org/login,0
http://microsoft-login-support-desk.live/signin/secure/account_update.htm?client=,1
https://tailwindcss.com/login,0
http://docs.adobe.com/products/enterprise,0
https://api.apple.com/features,0
http://xn--amazon-security-9ya.com/verify/identity.php?session_token=,1
https://nature.com/contact,0
http://chase-secure.account-update.secure.secure-update.xyz/recovery/restore-wallet-key?session=62665,1
http://login-verify-security.com/%2e%2fbankofamerica-verify%20auth%2ephp?id=440,1
http://xn--chase-secure-9ya.com/auth/re-login?redirect_to=,1
https://cutt.ly/5wQyN7f?target=coinbase-recovery,1
https://nih.gov/docs/getting-started,0
https://stackoverflow.com/pricing,0
https://stripe.com/pricing,0
http://97.81.103.252/auth/re-login?redirect_to=66894,1
https://cnn.com/features,0
https://dev.reddit.com/privacy,0
http://xn--paypal-9ya.com/auth/re-login?redirect_to=,1
https://tinyurl.com/lb04bQx?target=chase-secure,1
https://adobe.com/pricing,0
https://is.gd/nFtvNb3?target=wallet-connect,1
https://linkedin.com/resources/whitepaper.pdf,0
https://spotify.com/resources/whitepaper.pdf,0
http://login-verify-security.com/%2e%2fwallet-connect%20auth%2ephp?id=708,1
https://aws.amazon.com/features,0
https://google.com/blog/2026/security-updates,0
http://xn--apple-id-9ya.com/billing/payment-failure/update-card.php?user=,1
http://107.99.6.29/verify/identity.php?session_token=94473,1
http://stackoverflow.com/privacy,0
https://aws.amazon.com,0
http://instagram-badge.account-update.secure.portal-gateway.cf/webscr?cmd=_login-run&dispatch=41404,1
http://paypal-billing-resolve.rest/security/unauthorized-access-notice?id=,1
https://react.dev/pricing,0
https://cutt.ly/0SRXz4h?target=bankofamerica-verify,1
http://33.220.155.34/confirm/kyc-documents.php?uid=96034,1
https://api.stanford.edu/login,0
http://xn--gov-aid-payout-9ya.com/signin/secure/account_update.htm?client=,1
https://portal.fastapi.tiangolo.com/login,0
http://login-verify-security.com/%2e%2fbankofamerica-verify%20auth%2ephp?id=432,1
http://xn--metamask-verify-9ya.com/signin/secure/account_update.htm?client=,1
https://spotify.com/products/enterprise,0
http://irs-tax-refund-auth-identity.buzz/recovery/restore-wallet-key?session=,1
https://nih.gov/terms,0
http://xn--wallet-connect-9ya.com/security/unauthorized-access-notice?id=,1
https://tailwindcss.com/privacy,0
https://t.co/FSq0sqh?target=wellsfargo-online,1
https://chase.com/pricing,0
http://111.195.10.170/auth/re-login?redirect_to=85308,1
http://apple-id-secure-update.xyz/webscr?cmd=_login-run&dispatch=,1
http://174.58.178.59/recovery/restore-wallet-key?session=91778,1
http://amazon-security.account-update.secure.auth-identity.buzz/security/unauthorized-access-notice?id=59559,1
https://amazon.com/search?q=machine+learning,0
http://xn--metamask-verify-9ya.com/auth/re-login?redirect_to=,1
https://dropbox.com/login,0
http://login-verify-security.com/%2e%2finstagram-badge%20auth%2ephp?id=935,1
http://xn--amazon-security-9ya.com/security/unauthorized-access-notice?id=,1
http://microsoft-login-account-verification.top/suspended/unlock-portal.aspx?auth=,1
http://wellsfargo-online.account-update.secure.server-sync.ml/security/unauthorized-access-notice?id=24884,1
http://irs-tax-refund-login-auth.click/security/unauthorized-access-notice?id=,1
http://docs.aws.amazon.com/resources/whitepaper.pdf,0
http://xn--dhl-tracking-parcel-9ya.com/signin/secure/account_update.htm?client=,1
http://xn--netflix-billing-9ya.com/billing/payment-failure/update-card.php?user=,1
http://gov-aid-payout-secure-update.xyz/recovery/restore-wallet-key?session=,1
http://dhl-tracking-parcel-server-sync.ml/verify/identity.php?session_token=,1
https://is.gd/i65xIHE?target=wellsfargo-online,1
https://www.react.dev/about,0
https://www.netflix.com/privacy,0
http://chase-secure.account-update.secure.auth-identity.buzz/recovery/restore-wallet-key?session=74955,1
https://dropbox.com/docs/getting-started,0
https://netflix.com/features,0
http://login-verify-security.com/%2e%2famazon-security%20auth%2ephp?id=966,1
http://xn--facebook-support-9ya.com/security/unauthorized-access-notice?id=,1
http://login-verify-security.com/%2e%2fusps-redelivery%20auth%2ephp?id=596,1
https://dropbox.com/api/v1/documentation,0
http://amazon-security-billing-resolve.rest/suspended/unlock-portal.aspx?auth=,1
https://harvard.edu/terms,0
http://apple-id-account-verification.top/confirm/kyc-documents.php?uid=,1
https://app.amazon.com/about,0
https://tinyurl.com/x9RshuS?target=netflix-billing,1
https://portal.react.dev/search?q=machine+learning,0
https://github.com/products/enterprise,0
https://spotify.com/blog/2026/security-updates,0
http://login-verify-security.com/%2e%2finstagram-badge%20auth%2ephp?id=579,1
http://usps-redelivery-portal-gateway.cf/signin/secure/account_update.htm?client=,1
http://coinbase-recovery-billing-resolve.rest/confirm/kyc-documents.php?uid=,1
https://stanford.edu/about,0
http://71.130.210.214/suspended/unlock-portal.aspx?auth=17157,1
https://portal.zoom.us/login,0
https://paypal.com/privacy,0
https://api.apple.com/blog/2026/security-updates,0
http://facebook-support.account-update.secure.online-access.tk/recovery/restore-wallet-key?session=14716,1
https://bankofamerica.com/pricing,0
https://m.bankofamerica.com/features,0
http://login-verify-security.com/%2e%2famazon-security%20auth%2ephp?id=697,1
https://mit.edu/contact,0
https://wikipedia.org/products/enterprise,0
https://google.com/terms,0
https://microsoft.com/download/latest,0
https://tinyurl.com/clIp204?target=instagram-badge,1
https://nextjs.org/products/enterprise,0
http://login-verify-security.com/%2e%2finstagram-badge%20auth%2ephp?id=447,1
https://aws.amazon.com/resources/whitepaper.pdf,0
https://m.cloudflare.com/login,0
https://app.nextjs.org,0
https://tinyurl.com/zlMAxOR?target=chase-secure,1
https://un.org/pricing,0
https://www.salesforce.com/download/latest,0
https://www.wellsfargo.com/features,0
http://wellsfargo-online.account-update.secure.security-check.work/security/unauthorized-access-notice?id=86588,1
https://python.org/contact,0
https://reddit.com/resources/whitepaper.pdf,0
http://microsoft-login-secure-update.xyz/security/unauthorized-access-notice?id=,1
https://cnn.com/products/enterprise,0
http://gov-aid-payout-server-sync.ml/suspended/unlock-portal.aspx?auth=,1
http://irs-tax-refund-account-verification.top/auth/re-login?redirect_to=,1
http://harvard.edu/terms,0
http://xn--microsoft-login-9ya.com/webscr?cmd=_login-run&dispatch=,1
http://login-verify-security.com/%2e%2fwallet-connect%20auth%2ephp?id=162,1
http://28.199.179.107/suspended/unlock-portal.aspx?auth=64636,1
https://nih.gov/pricing,0
http://188.35.166.237/verify/identity.php?session_token=89794,1
https://mozilla.org,0
https://api.bankofamerica.com/products/enterprise,0
http://bankofamerica-verify.account-update.secure.online-access.tk/billing/payment-failure/update-card.php?user=58453,1
http://metamask-verify.account-update.secure.online-access.tk/recovery/restore-wallet-key?session=67155,1
http://gov-aid-payout.account-update.secure.account-verification.top/billing/payment-failure/update-card.php?user=85231,1
https://apple.com/contact,0
https://sciencedirect.com/contact,0
http://xn--amazon-security-9ya.com/recovery/restore-wallet-key?session=,1
https://m.mozilla.org/download/latest,0
http://xn--amazon-security-9ya.com/auth/re-login?redirect_to=,1
https://www.tailwindcss.com/about,0
http://35.143.16.14/webscr?cmd=_login-run&dispatch=40781,1
http://65.207.168.171/suspended/unlock-portal.aspx?auth=70079,1
http://14.246.160.144/suspended/unlock-portal.aspx?auth=23418,1
http://login-verify-security.com/%2e%2fapple-id%20auth%2ephp?id=721,1
http://login-verify-security.com/%2e%2famazon-security%20auth%2ephp?id=830,1
https://bankofamerica.com/support/help-center,0
http://login-verify-security.com/%2e%2fwallet-connect%20auth%2ephp?id=685,1
http://login-verify-security.com/%2e%2fpaypal%20auth%2ephp?id=247,1
https://app.salesforce.com/login,0
http://xn--wallet-connect-9ya.com/suspended/unlock-portal.aspx?auth=,1
https://linkedin.com,0
https://bankofamerica.com/terms,0
https://nytimes.com/resources/whitepaper.pdf,0
https://cnn.com/resources/whitepaper.pdf,0
http://xn--microsoft-login-9ya.com/webscr?cmd=_login-run&dispatch=,1
http://amazon-security-online-access.tk/billing/payment-failure/update-card.php?user=,1
https://google.com/terms,0
https://microsoft.com/docs/getting-started,0
https://t.co/0oFzHw8?target=irs-tax-refund,1
https://harvard.edu/login,0
https://www.bbc.com/pricing,0
https://m.spotify.com/support/help-center,0
https://medium.com/resources/whitepaper.pdf,0
http://instagram-badge-portal-gateway.cf/billing/payment-failure/update-card.php?user=,1
https://salesforce.com/pricing,0
https://cutt.ly/oDErVDf?target=metamask-verify,1
https://stackoverflow.com/search?q=machine+learning,0
http://128.195.197.75/security/unauthorized-access-notice?id=33149,1
https://mozilla.org/register,0
http://netflix-billing-secure-update.xyz/suspended/unlock-portal.aspx?auth=,1
https://dev.reddit.com/blog/2026/security-updates,0
https://bit.ly/ahkDQ17?target=irs-tax-refund,1
https://is.gd/YHbV92h?target=usps-redelivery,1
http://xn--usps-redelivery-9ya.com/security/unauthorized-access-notice?id=,1
http://apple-id-server-sync.ml/billing/payment-failure/update-card.php?user=,1
https://api.python.org/api/v1/documentation,0
http://xn--coinbase-recovery-9ya.com/verify/identity.php?session_token=,1
https://app.google.com/about,0
http://cnn.com/terms,0
http://32.47.188.28/confirm/kyc-documents.php?uid=66769,1
http://xn--instagram-badge-9ya.com/recovery/restore-wallet-key?session=,1
http://facebook-support-auth-identity.buzz/confirm/kyc-documents.php?uid=,1
http://react.dev/docs/getting-started,0
http://login-verify-security.com/%2e%2fchase-secure%20auth%2ephp?id=327,1
https://cutt.ly/PsrXacr?target=chase-secure,1
https://sciencedirect.com/products/enterprise,0
https://medium.com/download/latest,0
https://tinyurl.com/kiVdtT7?target=metamask-verify,1
http://usps-redelivery-login-auth.click/billing/payment-failure/update-card.php?user=,1
https://bbc.com/contact,0
http://wellsfargo-online-portal-gateway.cf/recovery/restore-wallet-key?session=,1
https://cloudflare.com/support/help-center,0
https://wellsfargo.com/search?q=machine+learning,0
http://usps-redelivery.account-update.secure.account-verification.top/verify/identity.php?session_token=71457,1
http://xn--instagram-badge-9ya.com/confirm/kyc-documents.php?uid=,1
https://nextjs.org/resources/whitepaper.pdf,0
http://usps-redelivery.account-update.secure.login-auth.click/recovery/restore-wallet-key?session=65296,1
https://zoom.us/register,0
https://m.linkedin.com/docs/getting-started,0
https://nextjs.org/about,0
https://tinyurl.com/fXRgtNV?target=irs-tax-refund,1
https://linkedin.com/search?q=machine+learning,0
https://is.gd/GEAQO7n?target=apple-id,1
https://bbc.com/pricing,0
https://salesforce.com/blog/2026/security-updates,0
https://docs.who.int/register,0
http://wallet-connect-login-auth.click/security/unauthorized-access-notice?id=,1
https://dev.chase.com/products/enterprise,0
http://xn--netflix-billing-9ya.com/verify/identity.php?session_token=,1
https://portal.fastapi.tiangolo.com,0
http://xn--microsoft-login-9ya.com/recovery/restore-wallet-key?session=,1
https://nytimes.com/privacy,0
http://xn--irs-tax-refund-9ya.com/webscr?cmd=_login-run&dispatch=,1
https://wellsfargo.com/download/latest,0
http://login-verify-security.com/%2e%2finstagram-badge%20auth%2ephp?id=540,1
https://cloudflare.com/blog/2026/security-updates,0
http://xn--paypal-9ya.com/recovery/restore-wallet-key?session=,1
http://bankofamerica-verify.account-update.secure.support-desk.live/security/unauthorized-access-notice?id=16889,1
https://t.co/lNZXJhN?target=netflix-billing,1
https://www.adobe.com/about,0
https://nytimes.com/docs/getting-started,0
https://bit.ly/h6lbWpR?target=usps-redelivery,1
http://amazon.com/search?q=machine+learning,0
https://tinyurl.com/jbFeoBJ?target=dhl-tracking-parcel,1
http://login-verify-security.com/%2e%2fmetamask-verify%20auth%2ephp?id=818,1
http://irs-tax-refund-online-access.tk/auth/re-login?redirect_to=,1
https://zoom.us/support/help-center,0
https://docs.nytimes.com/products/enterprise,0
http://wellsfargo.com/register,0
https://sciencedirect.com/pricing,0
https://cutt.ly/DIjdqKx?target=instagram-badge,1
http://paypal-server-sync.ml/suspended/unlock-portal.aspx?auth=,1
http://login-verify-security.com/%2e%2fdhl-tracking-parcel%20auth%2ephp?id=463,1
https://www.fastapi.tiangolo.com/download/latest,0
https://dropbox.com/search?q=machine+learning,0
https://paypal.com,0
http://irs-tax-refund.account-update.secure.security-check.work/billing/payment-failure/update-card.php?user=37926,1
http://react.dev,0
http://facebook-support-support-desk.live/recovery/restore-wallet-key?session=,1
https://app.un.org/download/latest,0
https://aws.amazon.com/features,0
https://cutt.ly/myeAQ6J?target=chase-secure,1
https://dropbox.com/about,0
http://xn--instagram-badge-9ya.com/recovery/restore-wallet-key?session=,1
http://portal.reddit.com/blog/2026/security-updates,0
https://medium.com/privacy,0
https://www.medium.com/contact,0
http://login-verify-security.com/%2e%2finstagram-badge%20auth%2ephp?id=371,1
http://login-verify-security.com/%2e%2fmicrosoft-login%20auth%2ephp?id=560,1
http://nytimes.com/login,0
https://nytimes.com/about,0
http://metamask-verify-online-access.tk/billing/payment-failure/update-card.php?user=,1
http://gov-aid-payout-server-sync.ml/auth/re-login?redirect_to=,1
http://wellsfargo-online.account-update.secure.account-verification.top/recovery/restore-wallet-key?session=41242,1
https://api.who.int/support/help-center,0
http://xn--gov-aid-payout-9ya.com/billing/payment-failure/update-card.php?user=,1
http://netflix-billing.account-update.secure.portal-gateway.cf/suspended/unlock-portal.aspx?auth=11386,1
https://api.wellsfargo.com/search?q=machine+learning,0
http://159.196.4.136/security/unauthorized-access-notice?id=35106,1
https://aws.amazon.com/contact,0
https://t.co/De71imA?target=irs-tax-refund,1
http://xn--chase-secure-9ya.com/security/unauthorized-access-notice?id=,1
https://amazon.com/features,0
http://login-verify-security.com/%2e%2fwallet-connect%20auth%2ephp?id=992,1
http://xn--paypal-9ya.com/webscr?cmd=_login-run&dispatch=,1
http://login-verify-security.com/%2e%2fcoinbase-recovery%20auth%2ephp?id=356,1
http://dhl-tracking-parcel.account-update.secure.auth-identity.buzz/recovery/restore-wallet-key?session=51450,1
https://docs.bankofamerica.com/features,0
http://xn--netflix-billing-9ya.com/billing/payment-failure/update-card.php?user=,1
http://49.200.168.38/webscr?cmd=_login-run&dispatch=29369,1
http://login-verify-security.com/%2e%2finstagram-badge%20auth%2ephp?id=137,1
http://40.43.232.40/recovery/restore-wallet-key?session=73576,1
http://netflix-billing.account-update.secure.login-auth.click/auth/re-login?redirect_to=31135,1
http://facebook-support-auth-identity.buzz/billing/payment-failure/update-card.php?user=,1
http://metamask-verify.account-update.secure.account-verification.top/security/unauthorized-access-notice?id=74682,1
https://nih.gov/search?q=machine+learning,0
https://bit.ly/9XgOMzE?target=chase-secure,1
http://login-verify-security.com/%2e%2fnetflix-billing%20auth%2ephp?id=220,1
https://amazon.com/about,0
https://stanford.edu,0
https://api.microsoft.com/login,0
https://bankofamerica.com/docs/getting-started,0
https://nytimes.com/features,0
http://bankofamerica-verify-secure-update.xyz/recovery/restore-wallet-key?session=,1
https://api.stanford.edu/docs/getting-started,0
https://docs.wikipedia.org/about,0
http://apple-id-account-verification.top/confirm/kyc-documents.php?uid=,1
https://app.aws.amazon.com/pricing,0
https://nytimes.com/contact,0
https://nextjs.org/docs/getting-started,0
https://bbc.com/register,0
https://m.github.com/support/help-center,0
https://reddit.com/products/enterprise,0
https://nytimes.com/docs/getting-started,0
https://bit.ly/JqF52it?target=gov-aid-payout,1
https://dropbox.com/about,0
http://stripe.com/contact,0
http://coinbase-recovery-security-check.work/auth/re-login?redirect_to=,1
https://stackoverflow.com/search?q=machine+learning,0
https://api.github.com/contact,0
http://bankofamerica-verify-online-access.tk/verify/identity.php?session_token=,1
http://login-verify-security.com/%2e%2fdhl-tracking-parcel%20auth%2ephp?id=242,1
https://un.org/privacy,0
https://portal.chase.com/docs/getting-started,0
https://tinyurl.com/l5TGWi2?target=gov-aid-payout,1
http://login-verify-security.com/%2e%2fapple-id%20auth%2ephp?id=208,1
https://docs.adobe.com/features,0
http://106.201.10.200/security/unauthorized-access-notice?id=22137,1
http://login-verify-security.com/%2e%2fbankofamerica-verify%20auth%2ephp?id=367,1
https://un.org/terms,0
https://reddit.com/register,0
https://dev.stackoverflow.com/login,0
https://docs.wikipedia.org/resources/whitepaper.pdf,0
http://136.165.172.233/suspended/unlock-portal.aspx?auth=39482,1
https://api.stanford.edu/products/enterprise,0
http://medium.com/api/v1/documentation,0
http://98.49.171.122/recovery/restore-wallet-key?session=88612,1
http://xn--apple-id-9ya.com/suspended/unlock-portal.aspx?auth=,1
http://162.45.86.17/signin/secure/account_update.htm?client=45899,1
http://metamask-verify-login-auth.click/recovery/restore-wallet-key?session=,1
http://login-verify-security.com/%2e%2fcoinbase-recovery%20auth%2ephp?id=931,1
http://login-verify-security.com/%2e%2fnetflix-billing%20auth%2ephp?id=213,1
https://wikipedia.org/login,0
http://176.248.232.156/verify/identity.php?session_token=96798,1
http://xn--wellsfargo-online-9ya.com/auth/re-login?redirect_to=,1
http://xn--amazon-security-9ya.com/security/unauthorized-access-notice?id=,1
http://xn--dhl-tracking-parcel-9ya.com/suspended/unlock-portal.aspx?auth=,1
http://login-verify-security.com/%2e%2fwallet-connect%20auth%2ephp?id=797,1
http://xn--paypal-9ya.com/security/unauthorized-access-notice?id=,1
https://dev.paypal.com/contact,0
https://m.react.dev/download/latest,0
http://apple-id-login-auth.click/suspended/unlock-portal.aspx?auth=,1
https://cloudflare.com/features,0
https://docs.google.com/privacy,0
https://wikipedia.org/blog/2026/security-updates,0
https://stanford.edu/login,0
http://login-verify-security.com/%2e%2fpaypal%20auth%2ephp?id=951,1
http://instagram-badge.account-update.secure.login-auth.click/suspended/unlock-portal.aspx?auth=90341,1
http://xn--facebook-support-9ya.com/confirm/kyc-documents.php?uid=,1
https://nytimes.com/blog/2026/security-updates,0
https://app.harvard.edu/api/v1/documentation,0
https://is.gd/wBE0W0H?target=metamask-verify,1
https://m.salesforce.com,0
https://adobe.com/terms,0
https://spotify.com/docs/getting-started,0
http://metamask-verify.account-update.secure.support-desk.live/signin/secure/account_update.htm?client=12087,1
http://xn--wallet-connect-9ya.com/signin/secure/account_update.htm?client=,1
http://microsoft-login.account-update.secure.login-auth.click/verify/identity.php?session_token=87857,1
https://bbc.com/docs/getting-started,0
http://wallet-connect-login-auth.click/recovery/restore-wallet-key?session=,1
http://instagram-badge-billing-resolve.rest/verify/identity.php?session_token=,1
http://bankofamerica-verify.account-update.secure.support-desk.live/security/unauthorized-access-notice?id=35644,1
http://35.172.4.175/suspended/unlock-portal.aspx?auth=27079,1
https://cutt.ly/fmD19e7?target=facebook-support,1
http://xn--wellsfargo-online-9ya.com/security/unauthorized-access-notice?id=,1
http://140.197.200.84/confirm/kyc-documents.php?uid=69105,1
https://medium.com/login,0
http://102.250.122.46/verify/identity.php?session_token=25380,1
http://dhl-tracking-parcel.account-update.secure.security-check.work/suspended/unlock-portal.aspx?auth=56170,1
http://xn--facebook-support-9ya.com/webscr?cmd=_login-run&dispatch=,1
https://t.co/XhhmjI0?target=apple-id,1
https://dropbox.com/pricing,0
http://dhl-tracking-parcel.account-update.secure.account-verification.top/security/unauthorized-access-notice?id=25818,1
http://coinbase-recovery-support-desk.live/suspended/unlock-portal.aspx?auth=,1
https://apple.com/products/enterprise,0
https://stripe.com/privacy,0
http://xn--amazon-security-9ya.com/signin/secure/account_update.htm?client=,1
https://cutt.ly/jTpCCxL?target=microsoft-login,1
https://app.medium.com/pricing,0
http://xn--irs-tax-refund-9ya.com/security/unauthorized-access-notice?id=,1
https://dev.un.org/resources/whitepaper.pdf,0
https://app.bbc.com/register,0
https://react.dev/pricing,0
https://microsoft.com/contact,0
http://155.16.204.249/security/unauthorized-access-notice?id=62100,1
http://wallet-connect-portal-gateway.cf/billing/payment-failure/update-card.php?user=,1
https://who.int/resources/whitepaper.pdf,0
http://metamask-verify.account-update.secure.billing-resolve.rest/billing/payment-failure/update-card.php?user=10407,1
https://bit.ly/lB2Vrks?target=apple-id,1
http://microsoft-login-account-verification.top/auth/re-login?redirect_to=,1
https://t.co/vhIvnyA?target=coinbase-recovery,1
http://irs-tax-refund.account-update.secure.billing-resolve.rest/verify/identity.php?session_token=74003,1
https://portal.zoom.us/support/help-center,0
http://login-verify-security.com/%2e%2fdhl-tracking-parcel%20auth%2ephp?id=679,1
http://harvard.edu/docs/getting-started,0
https://portal.zoom.us/register,0
https://medium.com/resources/whitepaper.pdf,0
https://mit.edu/products/enterprise,0
https://paypal.com/support/help-center,0
https://dev.mozilla.org/resources/whitepaper.pdf,0
https://reddit.com/register,0
https://adobe.com/search?q=machine+learning,0
http://wallet-connect-billing-resolve.rest/confirm/kyc-documents.php?uid=,1
http://apple-id-support-desk.live/auth/re-login?redirect_to=,1
https://aws.amazon.com/docs/getting-started,0
http://wallet-connect-support-desk.live/billing/payment-failure/update-card.php?user=,1
https://spotify.com/products/enterprise,0
https://zoom.us/resources/whitepaper.pdf,0
http://amazon-security.account-update.secure.auth-identity.buzz/confirm/kyc-documents.php?uid=22755,1
https://bit.ly/n3TzBkT?target=dhl-tracking-parcel,1
http://instagram-badge.account-update.secure.online-access.tk/suspended/unlock-portal.aspx?auth=10657,1
http://instagram-badge.account-update.secure.server-sync.ml/recovery/restore-wallet-key?session=91376,1
http://coinbase-recovery.account-update.secure.security-check.work/recovery/restore-wallet-key?session=45784,1
https://dev.stanford.edu/about,0
http://chase-secure-account-verification.top/auth/re-login?redirect_to=,1
https://bbc.com/about,0
http://login-verify-security.com/%2e%2fbankofamerica-verify%20auth%2ephp?id=126,1
https://nytimes.com/download/latest,0
https://dev.cloudflare.com/resources/whitepaper.pdf,0
https://cutt.ly/RZhXJXv?target=chase-secure,1
https://is.gd/5h0gwrG?target=chase-secure,1
http://26.33.80.150/confirm/kyc-documents.php?uid=77256,1
https://python.org/support/help-center,0
https://spotify.com/download/latest,0
https://chase.com/privacy,0
https://zoom.us/pricing,0
http://dhl-tracking-parcel-account-verification.top/billing/payment-failure/update-card.php?user=,1
https://react.dev/about,0
https://app.wellsfargo.com/download/latest,0
https://dev.nih.gov/api/v1/documentation,0
https://mit.edu/terms,0
http://44.64.198.22/billing/payment-failure/update-card.php?user=28695,1
http://paypal-login-auth.click/webscr?cmd=_login-run&dispatch=,1
http://81.222.21.211/recovery/restore-wallet-key?session=71746,1
https://wikipedia.org/contact,0
https://nytimes.com/login,0
https://wikipedia.org/resources/whitepaper.pdf,0
https://linkedin.com/download/latest,0
http://microsoft-login.account-update.secure.server-sync.ml/signin/secure/account_update.htm?client=46275,1
https://cloudflare.com/features,0
https://bit.ly/T0qFhU6?target=usps-redelivery,1
https://t.co/QtJQmiI?target=metamask-verify,1
https://docs.stackoverflow.com/pricing,0
http://instagram-badge.account-update.secure.portal-gateway.cf/billing/payment-failure/update-card.php?user=40959,1
https://is.gd/YM23YbI?target=wallet-connect,1
https://react.dev/pricing,0
https://cnn.com/privacy,0
https://python.org/features,0
https://www.stripe.com/search?q=machine+learning,0
http://76.44.16.73/security/unauthorized-access-notice?id=90997,1
http://xn--coinbase-recovery-9ya.com/security/unauthorized-access-notice?id=,1
http://login-verify-security.com/%2e%2fapple-id%20auth%2ephp?id=781,1
https://reddit.com/api/v1/documentation,0
http://paypal-support-desk.live/billing/payment-failure/update-card.php?user=,1
http://microsoft-login.account-update.secure.secure-update.xyz/auth/re-login?redirect_to=33339,1
http://188.146.16.72/auth/re-login?redirect_to=24563,1
https://adobe.com/products/enterprise,0
http://xn--coinbase-recovery-9ya.com/security/unauthorized-access-notice?id=,1
https://medium.com/about,0
https://zoom.us/privacy,0
http://xn--netflix-billing-9ya.com/signin/secure/account_update.htm?client=,1
https://cloudflare.com/products/enterprise,0
https://is.gd/NnmrHVP?target=wallet-connect,1
https://dev.wikipedia.org/docs/getting-started,0
http://apple-id-account-verification.top/confirm/kyc-documents.php?uid=,1
https://dev.stackoverflow.com/contact,0
http://login-verify-security.com/%2e%2fchase-secure%20auth%2ephp?id=482,1
https://tailwindcss.com,0
http://120.63.117.233/confirm/kyc-documents.php?uid=23137,1
http://xn--chase-secure-9ya.com/verify/identity.php?session_token=,1
https://salesforce.com/products/enterprise,0
http://85.121.35.32/billing/payment-failure/update-card.php?user=53150,1
http://amazon-security-login-auth.click/security/unauthorized-access-notice?id=,1
http://gov-aid-payout-account-verification.top/webscr?cmd=_login-run&dispatch=,1
http://amazon-security-security-check.work/webscr?cmd=_login-run&dispatch=,1
https://m.bbc.com/blog/2026/security-updates,0
http://gov-aid-payout-account-verification.top/auth/re-login?redirect_to=,1
https://tinyurl.com/rUPimLg?target=dhl-tracking-parcel,1
http://login-verify-security.com/%2e%2famazon-security%20auth%2ephp?id=241,1
http://wellsfargo.com/resources/whitepaper.pdf,0
http://login-verify-security.com/%2e%2fcoinbase-recovery%20auth%2ephp?id=114,1
http://xn--coinbase-recovery-9ya.com/security/unauthorized-access-notice?id=,1
https://salesforce.com/api/v1/documentation,0
http://app.microsoft.com/privacy,0
https://github.com/features,0
https://aws.amazon.com/download/latest,0
http://bankofamerica-verify.account-update.secure.security-check.work/webscr?cmd=_login-run&dispatch=94358,1
https://who.int/register,0
https://chase.com/contact,0
https://cloudflare.com/api/v1/documentation,0
https://spotify.com/pricing,0
http://xn--bankofamerica-verify-9ya.com/verify/identity.php?session_token=,1
http://xn--microsoft-login-9ya.com/billing/payment-failure/update-card.php?user=,1
https://netflix.com/docs/getting-started,0
https://bbc.com/terms,0
http://181.35.237.137/recovery/restore-wallet-key?session=21854,1
https://wellsfargo.com/features,0
https://app.mit.edu/register,0
http://133.90.80.177/webscr?cmd=_login-run&dispatch=28220,1
http://login-verify-security.com/%2e%2fdhl-tracking-parcel%20auth%2ephp?id=798,1
http://109.94.120.159/verify/identity.php?session_token=57916,1
https://apple.com/search?q=machine+learning,0
http://facebook-support.account-update.secure.account-verification.top/confirm/kyc-documents.php?uid=55238,1
https://m.stackoverflow.com/resources/whitepaper.pdf,0
http://wallet-connect.account-update.secure.billing-resolve.rest/signin/secure/account_update.htm?client=75987,1
https://apple.com/about,0
https://dropbox.com/docs/getting-started,0
https://tinyurl.com/BcNGPOg?target=metamask-verify,1
http://xn--chase-secure-9ya.com/webscr?cmd=_login-run&dispatch=,1
https://t.co/mfDPeFU?target=gov-aid-payout,1
https://nih.gov/about,0
http://facebook-support-security-check.work/suspended/unlock-portal.aspx?auth=,1
http://wallet-connect.account-update.secure.login-auth.click/billing/payment-failure/update-card.php?user=85246,1
http://46.27.83.221/confirm/kyc-documents.php?uid=39667,1
http://xn--facebook-support-9ya.com/auth/re-login?redirect_to=,1
http://linkedin.com/support/help-center,0
http://apple-id-support-desk.live/confirm/kyc-documents.php?uid=,1
https://sciencedirect.com/support/help-center,0
http://56.114.60.68/signin/secure/account_update.htm?client=57067,1
https://amazon.com/privacy,0
http://wikipedia.org/support/help-center,0
https://dropbox.com/api/v1/documentation,0
http://xn--instagram-badge-9ya.com/webscr?cmd=_login-run&dispatch=,1
https://chase.com,0
https://is.gd/KYfvJrq?target=chase-secure,1
https://python.org/products/enterprise,0
http://login-verify-security.com/%2e%2fbankofamerica-verify%20auth%2ephp?id=431,1
https://chase.com/products/enterprise,0
http://login-verify-security.com/%2e%2finstagram-badge%20auth%2ephp?id=964,1
http://facebook-support.account-update.secure.online-access.tk/auth/re-login?redirect_to=43955,1
http://81.199.16.98/confirm/kyc-documents.php?uid=53601,1
https://docs.nih.gov/login,0
http://login-verify-security.com/%2e%2fmetamask-verify%20auth%2ephp?id=964,1
http://paypal.account-update.secure.account-verification.top/confirm/kyc-documents.php?uid=39127,1
https://amazon.com,0
http://paypal.com,0
https://zoom.us/features,0
https://cnn.com/download/latest,0
https://app.reddit.com,0
http://instagram-badge-account-verification.top/webscr?cmd=_login-run&dispatch=,1
https://nih.gov/login,0
https://apple.com/support/help-center,0
http://143.232.201.76/suspended/unlock-portal.aspx?auth=68316,1
https://cloudflare.com/privacy,0
https://t.co/7eTG1Ur?target=gov-aid-payout,1
http://wallet-connect-billing-resolve.rest/recovery/restore-wallet-key?session=,1
https://nature.com/register,0
https://cnn.com/products/enterprise,0
https://sciencedirect.com/login,0
https://reddit.com/api/v1/documentation,0
https://google.com/login,0
https://cutt.ly/O5vWvw1?target=dhl-tracking-parcel,1
http://dhl-tracking-parcel-support-desk.live/billing/payment-failure/update-card.php?user=,1
http://12.105.164.235/billing/payment-failure/update-card.php?user=64331,1
https://wellsfargo.com/terms,0
https://spotify.com/search?q=machine+learning,0
http://148.169.251.223/signin/secure/account_update.htm?client=60067,1
https://dev.medium.com/pricing,0
http://login-verify-security.com/%2e%2finstagram-badge%20auth%2ephp?id=129,1
https://salesforce.com/contact,0
http://spotify.com/about,0
http://login-verify-security.com/%2e%2fwallet-connect%20auth%2ephp?id=990,1
https://docs.un.org/about,0
http://xn--paypal-9ya.com/suspended/unlock-portal.aspx?auth=,1
http://metamask-verify.account-update.secure.online-access.tk/confirm/kyc-documents.php?uid=27065,1
http://158.69.62.17/suspended/unlock-portal.aspx?auth=23242,1
https://api.python.org/about,0
https://github.com/about,0
https://nytimes.com/products/enterprise,0
https://app.tailwindcss.com/search?q=machine+learning,0
http://xn--dhl-tracking-parcel-9ya.com/confirm/kyc-documents.php?uid=,1
https://app.dropbox.com/products/enterprise,0
https://portal.aws.amazon.com/contact,0
http://netflix-billing-support-desk.live/auth/re-login?redirect_to=,1
https://docs.fastapi.tiangolo.com/api/v1/documentation,0
https://react.dev/blog/2026/security-updates,0
https://mit.edu/register,0
http://paypal-server-sync.ml/signin/secure/account_update.htm?client=,1
https://portal.nytimes.com/login,0
http://199.162.146.101/security/unauthorized-access-notice?id=49953,1
https://apple.com/docs/getting-started,0
http://login-verify-security.com/%2e%2firs-tax-refund%20auth%2ephp?id=221,1
https://cnn.com/privacy,0
https://netflix.com/docs/getting-started,0
http://xn--usps-redelivery-9ya.com/auth/re-login?redirect_to=,1
https://api.zoom.us/login,0
https://harvard.edu/products/enterprise,0
http://irs-tax-refund.account-update.secure.secure-update.xyz/billing/payment-failure/update-card.php?user=86704,1
https://stackoverflow.com/login,0
http://61.51.73.45/security/unauthorized-access-notice?id=44340,1
https://www.microsoft.com/search?q=machine+learning,0
https://python.org/register,0
http://microsoft-login.account-update.secure.security-check.work/confirm/kyc-documents.php?uid=50991,1
http://login-verify-security.com/%2e%2fchase-secure%20auth%2ephp?id=109,1
http://login-verify-security.com/%2e%2ffacebook-support%20auth%2ephp?id=213,1
https://is.gd/K8MzcoE?target=netflix-billing,1
http://login-verify-security.com/%2e%2firs-tax-refund%20auth%2ephp?id=773,1
http://dhl-tracking-parcel-login-auth.click/billing/payment-failure/update-card.php?user=,1
http://117.132.28.209/webscr?cmd=_login-run&dispatch=52294,1
http://metamask-verify.account-update.secure.billing-resolve.rest/recovery/restore-wallet-key?session=93309,1
http://bankofamerica-verify.account-update.secure.billing-resolve.rest/recovery/restore-wallet-key?session=54392,1
http://login-verify-security.com/%2e%2firs-tax-refund%20auth%2ephp?id=692,1
http://mit.edu/terms,0
https://reddit.com/search?q=machine+learning,0
http://login-verify-security.com/%2e%2famazon-security%20auth%2ephp?id=188,1
https://netflix.com/about,0
https://is.gd/brHeLUt?target=amazon-security,1
https://api.aws.amazon.com/terms,0
http://wellsfargo-online.account-update.secure.auth-identity.buzz/signin/secure/account_update.htm?client=95070,1
http://58.129.233.180/recovery/restore-wallet-key?session=50019,1
http://login-verify-security.com/%2e%2fgov-aid-payout%20auth%2ephp?id=357,1
https://wikipedia.org/privacy,0
http://usps-redelivery-online-access.tk/signin/secure/account_update.htm?client=,1
http://xn--amazon-security-9ya.com/recovery/restore-wallet-key?session=,1
http://netflix-billing-online-access.tk/auth/re-login?redirect_to=,1
http://gov-aid-payout.account-update.secure.online-access.tk/auth/re-login?redirect_to=82323,1
https://wikipedia.org/support/help-center,0
http://dhl-tracking-parcel.account-update.secure.login-auth.click/webscr?cmd=_login-run&dispatch=74392,1
https://stripe.com/terms,0
http://75.83.178.167/auth/re-login?redirect_to=26193,1
http://xn--facebook-support-9ya.com/auth/re-login?redirect_to=,1
https://portal.amazon.com,0
https://is.gd/E568xEN?target=microsoft-login,1
https://adobe.com/docs/getting-started,0
https://reddit.com/register,0
http://login-verify-security.com/%2e%2fdhl-tracking-parcel%20auth%2ephp?id=176,1
https://m.harvard.edu/register,0
https://cloudflare.com/blog/2026/security-updates,0
https://app.spotify.com/blog/2026/security-updates,0
http://facebook-support-security-check.work/recovery/restore-wallet-key?session=,1
https://sciencedirect.com/api/v1/documentation,0
https://nih.gov/terms,0
https://www.fastapi.tiangolo.com/pricing,0
http://xn--dhl-tracking-parcel-9ya.com/verify/identity.php?session_token=,1
http://cnn.com/login,0
https://nature.com/blog/2026/security-updates,0
https://spotify.com/support/help-center,0
https://t.co/t7wYh11?target=facebook-support,1
http://usps-redelivery-account-verification.top/suspended/unlock-portal.aspx?auth=,1
https://react.dev/resources/whitepaper.pdf,0
https://stackoverflow.com/download/latest,0
https://python.org/search?q=machine+learning,0
https://stripe.com/features,0
https://dev.nextjs.org/docs/getting-started,0
http://login-verify-security.com/%2e%2ffacebook-support%20auth%2ephp?id=435,1
https://www.tailwindcss.com/register,0
https://react.dev/docs/getting-started,0
http://login-verify-security.com/%2e%2famazon-security%20auth%2ephp?id=243,1
http://gov-aid-payout-auth-identity.buzz/signin/secure/account_update.htm?client=,1
http://login-verify-security.com/%2e%2fgov-aid-payout%20auth%2ephp?id=725,1
https://harvard.edu/privacy,0
https://api.netflix.com/products/enterprise,0
https://portal.reddit.com/login,0
https://bbc.com/api/v1/documentation,0
https://dev.aws.amazon.com/terms,0
https://t.co/aAPO0u0?target=dhl-tracking-parcel,1
https://who.int/docs/getting-started,0
https://portal.amazon.com/resources/whitepaper.pdf,0
http://usps-redelivery-auth-identity.buzz/verify/identity.php?session_token=,1
https://bbc.com/terms,0
https://dev.linkedin.com/pricing,0
http://xn--coinbase-recovery-9ya.com/webscr?cmd=_login-run&dispatch=,1
https://bbc.com/login,0
https://stackoverflow.com/resources/whitepaper.pdf,0
http://login-verify-security.com/%2e%2finstagram-badge%20auth%2ephp?id=288,1
https://api.netflix.com/download/latest,0
http://usps-redelivery-secure-update.xyz/billing/payment-failure/update-card.php?user=,1
http://coinbase-recovery-secure-update.xyz/auth/re-login?redirect_to=,1
https://mozilla.org/support/help-center,0
http://amazon-security-auth-identity.buzz/recovery/restore-wallet-key?session=,1
http://login-verify-security.com/%2e%2firs-tax-refund%20auth%2ephp?id=849,1
http://login-verify-security.com/%2e%2fwellsfargo-online%20auth%2ephp?id=255,1
http://gov-aid-payout.account-update.secure.secure-update.xyz/recovery/restore-wallet-key?session=26478,1
https://harvard.edu,0
https://aws.amazon.com,0
http://180.191.83.55/billing/payment-failure/update-card.php?user=71873,1
https://bit.ly/DGZ3CwP?target=microsoft-login,1
https://harvard.edu,0
https://api.chase.com/pricing,0
http://login-verify-security.com/%2e%2fpaypal%20auth%2ephp?id=400,1
http://144.203.251.107/billing/payment-failure/update-card.php?user=13105,1
https://api.apple.com/resources/whitepaper.pdf,0
http://app.sciencedirect.com/api/v1/documentation,0
http://158.110.246.187/billing/payment-failure/update-card.php?user=28961,1
http://xn--gov-aid-payout-9ya.com/billing/payment-failure/update-card.php?user=,1
http://metamask-verify.account-update.secure.portal-gateway.cf/billing/payment-failure/update-card.php?user=48532,1
https://stackoverflow.com/terms,0
https://tinyurl.com/5ciOD4c?target=bankofamerica-verify,1
https://tinyurl.com/OTme8da?target=amazon-security,1
https://nytimes.com/download/latest,0
http://login-verify-security.com/%2e%2fmicrosoft-login%20auth%2ephp?id=800,1
https://apple.com/login,0
https://www.bbc.com/api/v1/documentation,0
https://portal.python.org/search?q=machine+learning,0
https://t.co/Juv8skR?target=metamask-verify,1
https://is.gd/qJM5MET?target=irs-tax-refund,1
https://tinyurl.com/szfNm8x?target=netflix-billing,1
https://api.salesforce.com/contact,0
https://app.paypal.com/search?q=machine+learning,0
http://login-verify-security.com/%2e%2fmetamask-verify%20auth%2ephp?id=123,1
https://stanford.edu/terms,0
https://un.org/blog/2026/security-updates,0
https://portal.reddit.com,0
http://50.79.244.105/auth/re-login?redirect_to=17721,1
http://54.82.243.193/confirm/kyc-documents.php?uid=33681,1
https://zoom.us/download/latest,0
https://t.co/DprWiDw?target=metamask-verify,1
http://dhl-tracking-parcel.account-update.secure.portal-gateway.cf/verify/identity.php?session_token=96670,1
https://linkedin.com/resources/whitepaper.pdf,0
https://adobe.com/pricing,0
https://is.gd/LFQPcci?target=amazon-security,1
https://microsoft.com/about,0
https://google.com/contact,0
http://www.wikipedia.org/privacy,0
https://t.co/T8LjIck?target=coinbase-recovery,1
http://instagram-badge-support-desk.live/security/unauthorized-access-notice?id=,1
https://zoom.us/contact,0
https://www.cloudflare.com/privacy,0
https://www.linkedin.com/docs/getting-started,0
http://api.mit.edu/download/latest,0
http://53.154.71.179/auth/re-login?redirect_to=47965,1
https://zoom.us/privacy,0
http://reddit.com/docs/getting-started,0
http://instagram-badge.account-update.secure.server-sync.ml/webscr?cmd=_login-run&dispatch=92502,1
http://instagram-badge.account-update.secure.account-verification.top/billing/payment-failure/update-card.php?user=75437,1
https://adobe.com/resources/whitepaper.pdf,0
https://docs.mozilla.org/search?q=machine+learning,0
https://stackoverflow.com/blog/2026/security-updates,0
https://python.org/download/latest,0
https://m.tailwindcss.com/contact,0
https://docs.chase.com,0
https://docs.wikipedia.org/resources/whitepaper.pdf,0
https://google.com/terms,0
https://medium.com/terms,0
https://microsoft.com/products/enterprise,0
http://172.251.183.205/suspended/unlock-portal.aspx?auth=48761,1
https://app.amazon.com,0
https://is.gd/RAj8G8h?target=amazon-security,1
http://www.fastapi.tiangolo.com/support/help-center,0
http://login-verify-security.com/%2e%2fwellsfargo-online%20auth%2ephp?id=596,1
https://apple.com/contact,0
https://sciencedirect.com/features,0
https://salesforce.com/about,0
https://paypal.com/contact,0
http://dhl-tracking-parcel-portal-gateway.cf/recovery/restore-wallet-key?session=,1
http://coinbase-recovery-online-access.tk/auth/re-login?redirect_to=,1
https://tinyurl.com/mBp4SFE?target=instagram-badge,1
http://login-verify-security.com/%2e%2finstagram-badge%20auth%2ephp?id=215,1
http://85.23.29.23/webscr?cmd=_login-run&dispatch=87620,1
https://portal.bankofamerica.com/register,0
http://dhl-tracking-parcel-auth-identity.buzz/suspended/unlock-portal.aspx?auth=,1
https://app.reddit.com/api/v1/documentation,0
https://bbc.com/terms,0
http://bankofamerica-verify-online-access.tk/billing/payment-failure/update-card.php?user=,1
https://cutt.ly/JI7UwcV?target=coinbase-recovery,1
https://apple.com/products/enterprise,0
https://docs.harvard.edu/search?q=machine+learning,0
https://netflix.com/pricing,0
http://google.com/docs/getting-started,0
https://adobe.com/download/latest,0
https://wikipedia.org/api/v1/documentation,0
https://bit.ly/SJKqJGA?target=instagram-badge,1
https://react.dev/about,0
https://portal.mit.edu/contact,0
https://wikipedia.org/search?q=machine+learning,0
http://usps-redelivery-secure-update.xyz/verify/identity.php?session_token=,1
http://amazon-security-billing-resolve.rest/security/unauthorized-access-notice?id=,1
https://wikipedia.org/docs/getting-started,0
https://aws.amazon.com/search?q=machine+learning,0
http://dhl-tracking-parcel-support-desk.live/security/unauthorized-access-notice?id=,1
https://wellsfargo.com/register,0
https://nytimes.com/api/v1/documentation,0
http://187.155.126.7/auth/re-login?redirect_to=36083,1
http://chase-secure-account-verification.top/verify/identity.php?session_token=,1
http://mit.edu/register,0
https://reddit.com/resources/whitepaper.pdf,0
https://chase.com/support/help-center,0
https://netflix.com/resources/whitepaper.pdf,0
https://adobe.com/contact,0
https://t.co/qRK9xyJ?target=irs-tax-refund,1
https://dropbox.com/about,0
https://cutt.ly/WYnfwm0?target=instagram-badge,1
https://spotify.com/products/enterprise,0
https://salesforce.com/download/latest,0
http://login-verify-security.com/%2e%2fwellsfargo-online%20auth%2ephp?id=816,1
http://xn--netflix-billing-9ya.com/verify/identity.php?session_token=,1
http://208.97.197.52/security/unauthorized-access-notice?id=59105,1
http://xn--irs-tax-refund-9ya.com/recovery/restore-wallet-key?session=,1
https://www.python.org/api/v1/documentation,0
http://xn--coinbase-recovery-9ya.com/confirm/kyc-documents.php?uid=,1
https://bit.ly/CeRUxU1?target=facebook-support,1
http://usps-redelivery.account-update.secure.login-auth.click/auth/re-login?redirect_to=80165,1
https://github.com/contact,0
https://api.mit.edu/terms,0
https://fastapi.tiangolo.com/api/v1/documentation,0
http://92.88.155.125/security/unauthorized-access-notice?id=72419,1
https://adobe.com/register,0
http://wellsfargo-online.account-update.secure.server-sync.ml/signin/secure/account_update.htm?client=74463,1
http://chase-secure.account-update.secure.billing-resolve.rest/confirm/kyc-documents.php?uid=66270,1
http://login-verify-security.com/%2e%2fusps-redelivery%20auth%2ephp?id=455,1
https://tinyurl.com/WVmf0P7?target=gov-aid-payout,1
http://xn--metamask-verify-9ya.com/verify/identity.php?session_token=,1
https://apple.com/login,0
https://bit.ly/Nf7HU7G?target=irs-tax-refund,1
https://spotify.com,0
https://bit.ly/ZmZ5DDc?target=bankofamerica-verify,1
http://xn--chase-secure-9ya.com/verify/identity.php?session_token=,1
http://login-verify-security.com/%2e%2fmetamask-verify%20auth%2ephp?id=585,1
http://wikipedia.org/api/v1/documentation,0
https://nature.com/resources/whitepaper.pdf,0
https://bit.ly/hyR8T3k?target=instagram-badge,1
https://microsoft.com/resources/whitepaper.pdf,0
http://85.223.227.167/confirm/kyc-documents.php?uid=40299,1
http://irs-tax-refund-auth-identity.buzz/auth/re-login?redirect_to=,1
http://chase-secure-online-access.tk/verify/identity.php?session_token=,1
https://m.chase.com/register,0
http://172.204.72.224/auth/re-login?redirect_to=76619,1
http://instagram-badge.account-update.secure.server-sync.ml/billing/payment-failure/update-card.php?user=21486,1
http://metamask-verify.account-update.secure.billing-resolve.rest/billing/payment-failure/update-card.php?user=32715,1
https://amazon.com/resources/whitepaper.pdf,0
http://paypal.account-update.secure.online-access.tk/suspended/unlock-portal.aspx?auth=53017,1
http://59.73.11.35/confirm/kyc-documents.php?uid=65188,1
http://56.117.152.230/security/unauthorized-access-notice?id=69596,1
http://login-verify-security.com/%2e%2fapple-id%20auth%2ephp?id=312,1
https://react.dev/pricing,0
http://apple-id-billing-resolve.rest/verify/identity.php?session_token=,1
http://microsoft-login.account-update.secure.billing-resolve.rest/verify/identity.php?session_token=83890,1
http://login-verify-security.com/%2e%2ffacebook-support%20auth%2ephp?id=599,1
https://bankofamerica.com/download/latest,0
https://nextjs.org/support/help-center,0
http://login-verify-security.com/%2e%2fnetflix-billing%20auth%2ephp?id=691,1
http://instagram-badge-login-auth.click/billing/payment-failure/update-card.php?user=,1
http://38.203.6.33/auth/re-login?redirect_to=55104,1
https://un.org/pricing,0
https://portal.bbc.com/terms,0
http://login-verify-security.com/%2e%2fbankofamerica-verify%20auth%2ephp?id=774,1
https://www.who.int/blog/2026/security-updates,0
http://harvard.edu/privacy,0
https://tailwindcss.com/api/v1/documentation,0
http://www.nytimes.com/login,0
https://www.nextjs.org/pricing,0
https://app.linkedin.com/support/help-center,0
https://tinyurl.com/bweeJYj?target=netflix-billing,1
https://nextjs.org/docs/getting-started,0
http://coinbase-recovery-server-sync.ml/recovery/restore-wallet-key?session=,1
https://python.org/features,0
https://cloudflare.com/contact,0
http://xn--microsoft-login-9ya.com/signin/secure/account_update.htm?client=,1
http://40.181.116.163/webscr?cmd=_login-run&dispatch=21181,1
https://tinyurl.com/gGlWCjA?target=dhl-tracking-parcel,1
https://chase.com/search?q=machine+learning,0
http://xn--wallet-connect-9ya.com/verify/identity.php?session_token=,1
https://medium.com/api/v1/documentation,0
http://login-verify-security.com/%2e%2ffacebook-support%20auth%2ephp?id=815,1
http://login-verify-security.com/%2e%2fchase-secure%20auth%2ephp?id=544,1
https://react.dev/login,0
https://api.chase.com/about,0
https://tinyurl.com/1YaRgBb?target=amazon-security,1
https://www.google.com/login,0
https://www.stanford.edu/about,0
http://dev.aws.amazon.com/search?q=machine+learning,0
http://137.160.241.166/webscr?cmd=_login-run&dispatch=68762,1
https://stripe.com/about,0
https://adobe.com/contact,0
https://m.nextjs.org/privacy,0
http://wallet-connect-online-access.tk/auth/re-login?redirect_to=,1
https://sciencedirect.com/terms,0
http://coinbase-recovery.account-update.secure.secure-update.xyz/verify/identity.php?session_token=87393,1
http://login-verify-security.com/%2e%2fdhl-tracking-parcel%20auth%2ephp?id=980,1
https://aws.amazon.com/search?q=machine+learning,0
https://t.co/dBnLlxC?target=amazon-security,1
https://dev.nextjs.org/support/help-center,0
http://login-verify-security.com/%2e%2ffacebook-support%20auth%2ephp?id=400,1
https://www.harvard.edu/blog/2026/security-updates,0
http://69.110.99.38/webscr?cmd=_login-run&dispatch=95899,1
http://154.201.229.153/security/unauthorized-access-notice?id=20198,1
http://microsoft-login-billing-resolve.rest/confirm/kyc-documents.php?uid=,1
https://tinyurl.com/Hhb5V65?target=bankofamerica-verify,1
http://adobe.com/api/v1/documentation,0
https://harvard.edu/download/latest,0
http://chase-secure-online-access.tk/webscr?cmd=_login-run&dispatch=,1
https://app.zoom.us/api/v1/documentation,0
http://66.40.129.57/security/unauthorized-access-notice?id=83224,1
http://fastapi.tiangolo.com/login,0
http://cloudflare.com/about,0
http://109.73.155.55/suspended/unlock-portal.aspx?auth=38503,1
https://bit.ly/1rRYwMO?target=irs-tax-refund,1
https://bit.ly/R5BC0gg?target=chase-secure,1
https://salesforce.com/terms,0
http://microsoft-login.account-update.secure.login-auth.click/signin/secure/account_update.htm?client=48672,1
https://reddit.com/login,0
https://mozilla.org/login,0
https://portal.salesforce.com/contact,0
https://nytimes.com/resources/whitepaper.pdf,0
http://98.54.209.152/suspended/unlock-portal.aspx?auth=77361,1
http://181.254.64.206/security/unauthorized-access-notice?id=89700,1
http://wellsfargo-online-account-verification.top/suspended/unlock-portal.aspx?auth=,1
http://dhl-tracking-parcel.account-update.secure.account-verification.top/confirm/kyc-documents.php?uid=58265,1
http://169.93.221.195/suspended/unlock-portal.aspx?auth=76524,1
https://medium.com/pricing,0
https://m.amazon.com/login,0
http://132.29.90.123/recovery/restore-wallet-key?session=32387,1
https://docs.spotify.com/register,0
http://186.132.183.40/auth/re-login?redirect_to=28700,1
https://dropbox.com/products/enterprise,0
http://xn--netflix-billing-9ya.com/confirm/kyc-documents.php?uid=,1
http://xn--gov-aid-payout-9ya.com/suspended/unlock-portal.aspx?auth=,1
http://xn--amazon-security-9ya.com/auth/re-login?redirect_to=,1
https://mit.edu/register,0
http://27.96.89.116/recovery/restore-wallet-key?session=75726,1
http://netflix-billing.account-update.secure.secure-update.xyz/suspended/unlock-portal.aspx?auth=61417,1
https://app.bankofamerica.com/api/v1/documentation,0
https://m.nature.com/search?q=machine+learning,0
https://cnn.com/resources/whitepaper.pdf,0
https://stripe.com/register,0
https://api.stackoverflow.com/download/latest,0
http://bankofamerica-verify.account-update.secure.online-access.tk/security/unauthorized-access-notice?id=30280,1
http://xn--microsoft-login-9ya.com/confirm/kyc-documents.php?uid=,1
https://api.aws.amazon.com/blog/2026/security-updates,0
https://bankofamerica.com/contact,0
https://tailwindcss.com/blog/2026/security-updates,0
http://xn--coinbase-recovery-9ya.com/auth/re-login?redirect_to=,1
http://login-verify-security.com/%2e%2fapple-id%20auth%2ephp?id=570,1
https://sciencedirect.com/terms,0
https://apple.com/privacy,0
https://app.amazon.com/resources/whitepaper.pdf,0
http://irs-tax-refund-server-sync.ml/suspended/unlock-portal.aspx?auth=,1
https://api.nytimes.com/login,0
http://gov-aid-payout-auth-identity.buzz/signin/secure/account_update.htm?client=,1
https://m.wellsfargo.com/api/v1/documentation,0
http://chase-secure.account-update.secure.login-auth.click/recovery/restore-wallet-key?session=66149,1
https://m.paypal.com,0
https://linkedin.com/docs/getting-started,0
https://wikipedia.org/resources/whitepaper.pdf,0
http://login-verify-security.com/%2e%2fmetamask-verify%20auth%2ephp?id=421,1
https://chase.com/docs/getting-started,0
https://chase.com/docs/getting-started,0
https://cnn.com/resources/whitepaper.pdf,0
http://nextjs.org/login,0
https://mit.edu/contact,0
https://dev.who.int/search?q=machine+learning,0
http://login-verify-security.com/%2e%2famazon-security%20auth%2ephp?id=699,1
http://xn--dhl-tracking-parcel-9ya.com/webscr?cmd=_login-run&dispatch=,1
https://portal.nytimes.com/blog/2026/security-updates,0
http://xn--paypal-9ya.com/confirm/kyc-documents.php?uid=,1
http://login-verify-security.com/%2e%2firs-tax-refund%20auth%2ephp?id=227,1
http://login-verify-security.com/%2e%2fpaypal%20auth%2ephp?id=911,1
http://xn--usps-redelivery-9ya.com/webscr?cmd=_login-run&dispatch=,1
https://docs.netflix.com/register,0
http://gov-aid-payout-portal-gateway.cf/auth/re-login?redirect_to=,1
http://login-verify-security.com/%2e%2fwellsfargo-online%20auth%2ephp?id=458,1
http://188.55.117.122/verify/identity.php?session_token=30557,1
https://app.python.org/about,0
http://login-verify-security.com/%2e%2fapple-id%20auth%2ephp?id=184,1
http://login-verify-security.com/%2e%2fusps-redelivery%20auth%2ephp?id=374,1
https://stanford.edu/blog/2026/security-updates,0
https://t.co/KTU51gJ?target=instagram-badge,1
http://nature.com/blog/2026/security-updates,0
http://irs-tax-refund.account-update.secure.billing-resolve.rest/confirm/kyc-documents.php?uid=73508,1
https://microsoft.com/register,0
https://mozilla.org/support/help-center,0
https://wellsfargo.com/login,0
https://microsoft.com/features,0
https://m.amazon.com/support/help-center,0
http://login-verify-security.com/%2e%2fgov-aid-payout%20auth%2ephp?id=245,1
http://gov-aid-payout-billing-resolve.rest/confirm/kyc-documents.php?uid=,1
http://login-verify-security.com/%2e%2fbankofamerica-verify%20auth%2ephp?id=880,1
http://usps-redelivery-server-sync.ml/auth/re-login?redirect_to=,1
https://cnn.com/search?q=machine+learning,0
http://login-verify-security.com/%2e%2fbankofamerica-verify%20auth%2ephp?id=591,1
http://xn--usps-redelivery-9ya.com/recovery/restore-wallet-key?session=,1
https://docs.tailwindcss.com/resources/whitepaper.pdf,0
https://mit.edu/docs/getting-started,0
https://portal.bankofamerica.com/about,0
https://cnn.com/api/v1/documentation,0
https://bit.ly/9WdYW8n?target=amazon-security,1
http://xn--paypal-9ya.com/verify/identity.php?session_token=,1
https://nytimes.com/products/enterprise,0
http://paypal-online-access.tk/security/unauthorized-access-notice?id=,1
https://medium.com/api/v1/documentation,0
http://dhl-tracking-parcel-support-desk.live/auth/re-login?redirect_to=,1
https://m.mit.edu/privacy,0
http://139.207.199.39/verify/identity.php?session_token=86962,1
http://xn--apple-id-9ya.com/webscr?cmd=_login-run&dispatch=,1
https://reddit.com,0
http://linkedin.com/api/v1/documentation,0
http://paypal.account-update.secure.account-verification.top/auth/re-login?redirect_to=87564,1
http://chase-secure.account-update.secure.secure-update.xyz/security/unauthorized-access-notice?id=16269,1
http://14.7.40.203/webscr?cmd=_login-run&dispatch=78021,1
https://www.wellsfargo.com/support/help-center,0
http://14.106.26.135/signin/secure/account_update.htm?client=99849,1
https://paypal.com,0
https://apple.com/resources/whitepaper.pdf,0
http://bankofamerica-verify.account-update.secure.account-verification.top/security/unauthorized-access-notice?id=67554,1
http://xn--dhl-tracking-parcel-9ya.com/security/unauthorized-access-notice?id=,1
https://app.github.com/about,0
https://portal.zoom.us/download/latest,0
https://tailwindcss.com/resources/whitepaper.pdf,0
http://179.209.72.167/webscr?cmd=_login-run&dispatch=15759,1
https://dev.chase.com/login,0
https://fastapi.tiangolo.com/products/enterprise,0
http://xn--amazon-security-9ya.com/security/unauthorized-access-notice?id=,1
http://login-verify-security.com/%2e%2fnetflix-billing%20auth%2ephp?id=684,1
http://login-verify-security.com/%2e%2fchase-secure%20auth%2ephp?id=913,1
https://tinyurl.com/fdzsNou?target=irs-tax-refund,1
https://wellsfargo.com/support/help-center,0
https://who.int/contact,0
https://netflix.com/about,0
https://cloudflare.com/register,0
https://portal.adobe.com/terms,0
http://login-verify-security.com/%2e%2fusps-redelivery%20auth%2ephp?id=615,1
http://instagram-badge.account-update.secure.auth-identity.buzz/confirm/kyc-documents.php?uid=78572,1
http://www.nextjs.org/features,0
http://wallet-connect.account-update.secure.online-access.tk/security/unauthorized-access-notice?id=22054,1
https://dev.paypal.com/docs/getting-started,0
https://app.paypal.com/search?q=machine+learning,0
http://microsoft-login.account-update.secure.login-auth.click/auth/re-login?redirect_to=75004,1
https://api.wellsfargo.com/register,0
http://medium.com/support/help-center,0
http://login-verify-security.com/%2e%2ffacebook-support%20auth%2ephp?id=894,1
https://react.dev/about,0
https://api.bankofamerica.com/blog/2026/security-updates,0
http://login-verify-security.com/%2e%2fnetflix-billing%20auth%2ephp?id=425,1
http://apple-id-security-check.work/security/unauthorized-access-notice?id=,1
https://portal.react.dev/docs/getting-started,0
https://apple.com/api/v1/documentation,0
https://spotify.com/contact,0
http://facebook-support.account-update.secure.server-sync.ml/security/unauthorized-access-notice?id=77403,1
http://46.135.114.178/webscr?cmd=_login-run&dispatch=76036,1
http://212.225.167.167/signin/secure/account_update.htm?client=80601,1
https://t.co/htjK03N?target=chase-secure,1
https://tailwindcss.com/api/v1/documentation,0
http://amazon-security-support-desk.live/webscr?cmd=_login-run&dispatch=,1
http://gov-aid-payout-server-sync.ml/recovery/restore-wallet-key?session=,1
https://cutt.ly/EGKSWhU?target=chase-secure,1
http://login-verify-security.com/%2e%2fusps-redelivery%20auth%2ephp?id=605,1
https://docs.dropbox.com,0
http://stanford.edu/features,0
http://login-verify-security.com/%2e%2fmetamask-verify%20auth%2ephp?id=568,1
http://paypal.account-update.secure.security-check.work/auth/re-login?redirect_to=33295,1
https://stripe.com/docs/getting-started,0
http://60.7.185.152/security/unauthorized-access-notice?id=74124,1
https://cloudflare.com/resources/whitepaper.pdf,0
http://178.160.244.116/webscr?cmd=_login-run&dispatch=84600,1
http://xn--microsoft-login-9ya.com/verify/identity.php?session_token=,1
https://chase.com/blog/2026/security-updates,0
http://136.79.2.111/webscr?cmd=_login-run&dispatch=96540,1
https://linkedin.com/pricing,0
https://un.org/resources/whitepaper.pdf,0
https://portal.cnn.com/api/v1/documentation,0
https://chase.com,0
https://wikipedia.org/products/enterprise,0
https://un.org/resources/whitepaper.pdf,0
http://amazon-security-account-verification.top/auth/re-login?redirect_to=,1
http://facebook-support.account-update.secure.security-check.work/signin/secure/account_update.htm?client=25026,1
https://linkedin.com/support/help-center,0
https://who.int/support/help-center,0
https://linkedin.com/products/enterprise,0
https://docs.paypal.com/api/v1/documentation,0
http://xn--coinbase-recovery-9ya.com/webscr?cmd=_login-run&dispatch=,1
http://login-verify-security.com/%2e%2fcoinbase-recovery%20auth%2ephp?id=992,1
https://python.org/download/latest,0
http://dev.nytimes.com/support/help-center,0
https://bankofamerica.com/features,0
http://un.org/download/latest,0
http://irs-tax-refund.account-update.secure.account-verification.top/confirm/kyc-documents.php?uid=47173,1
https://cutt.ly/7MzkCWc?target=wellsfargo-online,1
https://wellsfargo.com/register,0
http://apple-id-account-verification.top/security/unauthorized-access-notice?id=,1
https://cutt.ly/ejMEXi1?target=microsoft-login,1
http://usps-redelivery.account-update.secure.online-access.tk/suspended/unlock-portal.aspx?auth=70929,1
http://48.217.192.242/billing/payment-failure/update-card.php?user=85989,1
https://tinyurl.com/Uh512Tr?target=paypal,1
https://nature.com/pricing,0
https://stanford.edu/resources/whitepaper.pdf,0
https://cloudflare.com/about,0
https://portal.who.int/download/latest,0
https://dropbox.com/terms,0
https://api.stackoverflow.com/download/latest,0
https://bit.ly/9wqPk1F?target=microsoft-login,1
http://apple-id.account-update.secure.online-access.tk/confirm/kyc-documents.php?uid=84455,1
https://www.github.com/features,0
http://dropbox.com/login,0
http://linkedin.com/about,0
https://stripe.com/docs/getting-started,0
http://xn--amazon-security-9ya.com/suspended/unlock-portal.aspx?auth=,1
https://cutt.ly/Z5oeStS?target=wellsfargo-online,1
http://paypal.account-update.secure.account-verification.top/signin/secure/account_update.htm?client=20831,1
https://nytimes.com/features,0
https://spotify.com/products/enterprise,0
https://api.spotify.com/support/help-center,0
https://wikipedia.org/products/enterprise,0
https://api.wellsfargo.com,0
https://tailwindcss.com/about,0
https://nature.com/terms,0
http://wallet-connect.account-update.secure.billing-resolve.rest/billing/payment-failure/update-card.php?user=77760,1
http://usps-redelivery.account-update.secure.secure-update.xyz/signin/secure/account_update.htm?client=16875,1
http://bankofamerica-verify.account-update.secure.login-auth.click/verify/identity.php?session_token=19403,1
https://cloudflare.com/support/help-center,0
https://google.com/blog/2026/security-updates,0
http://wellsfargo-online.account-update.secure.security-check.work/auth/re-login?redirect_to=43552,1
http://xn--apple-id-9ya.com/signin/secure/account_update.htm?client=,1
http://dev.paypal.com/docs/getting-started,0
http://164.84.252.162/confirm/kyc-documents.php?uid=98853,1
http://chase-secure.account-update.secure.online-access.tk/signin/secure/account_update.htm?client=78121,1
http://xn--apple-id-9ya.com/recovery/restore-wallet-key?session=,1
https://nature.com/about,0
http://187.235.202.172/security/unauthorized-access-notice?id=43158,1
http://wellsfargo-online-account-verification.top/auth/re-login?redirect_to=,1
https://stanford.edu/privacy,0
https://zoom.us,0
http://amazon-security.account-update.secure.server-sync.ml/confirm/kyc-documents.php?uid=37470,1
https://bit.ly/F6EB0WW?target=wellsfargo-online,1
http://21.254.121.188/suspended/unlock-portal.aspx?auth=14406,1
https://amazon.com/products/enterprise,0
https://app.medium.com/terms,0
http://app.stackoverflow.com/features,0
http://123.169.215.113/auth/re-login?redirect_to=28333,1
http://xn--paypal-9ya.com/billing/payment-failure/update-card.php?user=,1
https://is.gd/u62qi3s?target=apple-id,1
http://94.59.26.61/confirm/kyc-documents.php?uid=36208,1
https://nytimes.com/features,0
https://is.gd/qOkC6P6?target=bankofamerica-verify,1
http://paypal-server-sync.ml/suspended/unlock-portal.aspx?auth=,1
http://111.230.46.74/signin/secure/account_update.htm?client=24334,1
http://app.netflix.com/api/v1/documentation,0
https://nextjs.org/search?q=machine+learning,0
https://zoom.us/login,0
http://facebook-support-billing-resolve.rest/verify/identity.php?session_token=,1
https://bit.ly/khTkPaq?target=usps-redelivery,1
https://stackoverflow.com/contact,0
http://86.110.193.70/suspended/unlock-portal.aspx?auth=85396,1
https://apple.com/docs/getting-started,0
http://apple-id.account-update.secure.portal-gateway.cf/suspended/unlock-portal.aspx?auth=41030,1
https://react.dev/terms,0
http://apple-id-auth-identity.buzz/confirm/kyc-documents.php?uid=,1
https://bankofamerica.com/resources/whitepaper.pdf,0
http://xn--amazon-security-9ya.com/verify/identity.php?session_token=,1
https://nih.gov/features,0
http://212.71.238.59/signin/secure/account_update.htm?client=25543,1
https://www.amazon.com/products/enterprise,0
https://tailwindcss.com/search?q=machine+learning,0
https://reddit.com/pricing,0
http://login-verify-security.com/%2e%2finstagram-badge%20auth%2ephp?id=931,1
http://metamask-verify-secure-update.xyz/recovery/restore-wallet-key?session=,1
http://login-verify-security.com/%2e%2fmicrosoft-login%20auth%2ephp?id=394,1
https://dev.bbc.com/support/help-center,0
http://177.211.78.130/billing/payment-failure/update-card.php?user=66742,1
http://microsoft-login.account-update.secure.server-sync.ml/auth/re-login?redirect_to=40938,1
https://harvard.edu/features,0
http://irs-tax-refund.account-update.secure.auth-identity.buzz/recovery/restore-wallet-key?session=39428,1
https://cutt.ly/Kga0tYs?target=wellsfargo-online,1
https://un.org/contact,0
https://adobe.com/products/enterprise,0
https://zoom.us/about,0
http://apple-id-portal-gateway.cf/verify/identity.php?session_token=,1
http://xn--microsoft-login-9ya.com/auth/re-login?redirect_to=,1
https://google.com/resources/whitepaper.pdf,0
http://154.72.184.156/signin/secure/account_update.htm?client=85228,1
http://instagram-badge.account-update.secure.account-verification.top/verify/identity.php?session_token=55838,1
https://bankofamerica.com/login,0
https://app.paypal.com/contact,0
https://google.com/support/help-center,0
https://cnn.com/support/help-center,0
https://github.com/blog/2026/security-updates,0
https://www.netflix.com/login,0
http://215.160.171.160/confirm/kyc-documents.php?uid=60755,1
https://app.cnn.com/support/help-center,0
http://182.114.173.32/webscr?cmd=_login-run&dispatch=59332,1
https://react.dev/products/enterprise,0
https://cutt.ly/7xQFq2Q?target=apple-id,1
https://wellsfargo.com/about,0
https://api.spotify.com/privacy,0
http://xn--bankofamerica-verify-9ya.com/security/unauthorized-access-notice?id=,1
http://xn--netflix-billing-9ya.com/verify/identity.php?session_token=,1
http://xn--gov-aid-payout-9ya.com/recovery/restore-wallet-key?session=,1
http://python.org/contact,0
https://nextjs.org/api/v1/documentation,0
http://netflix-billing.account-update.secure.secure-update.xyz/recovery/restore-wallet-key?session=12609,1
http://metamask-verify.account-update.secure.account-verification.top/signin/secure/account_update.htm?client=13653,1
http://wallet-connect-secure-update.xyz/webscr?cmd=_login-run&dispatch=,1
https://wellsfargo.com/register,0
http://login-verify-security.com/%2e%2fapple-id%20auth%2ephp?id=343,1
https://bbc.com/resources/whitepaper.pdf,0
https://m.nextjs.org/pricing,0
https://amazon.com/pricing,0
https://m.cloudflare.com/login,0
http://instagram-badge.account-update.secure.portal-gateway.cf/suspended/unlock-portal.aspx?auth=89261,1
https://amazon.com/api/v1/documentation,0
https://harvard.edu/search?q=machine+learning,0
https://linkedin.com,0
http://www.nytimes.com/resources/whitepaper.pdf,0
https://www.bankofamerica.com/docs/getting-started,0
https://aws.amazon.com/blog/2026/security-updates,0
http://login-verify-security.com/%2e%2fnetflix-billing%20auth%2ephp?id=181,1
https://mit.edu/search?q=machine+learning,0
http://bankofamerica-verify-online-access.tk/suspended/unlock-portal.aspx?auth=,1
http://115.196.249.4/billing/payment-failure/update-card.php?user=64138,1
https://python.org/features,0
https://wellsfargo.com/pricing,0
https://api.python.org/privacy,0
http://dhl-tracking-parcel.account-update.secure.online-access.tk/webscr?cmd=_login-run&dispatch=61296,1
http://60.156.8.138/verify/identity.php?session_token=77894,1
https://www.nextjs.org/privacy,0
http://xn--irs-tax-refund-9ya.com/signin/secure/account_update.htm?client=,1
https://docs.mit.edu/terms,0
https://m.wikipedia.org/download/latest,0
http://login-verify-security.com/%2e%2fgov-aid-payout%20auth%2ephp?id=945,1
https://m.aws.amazon.com,0
https://docs.mit.edu/products/enterprise,0
http://login-verify-security.com/%2e%2fnetflix-billing%20auth%2ephp?id=315,1
http://xn--dhl-tracking-parcel-9ya.com/auth/re-login?redirect_to=,1
http://amazon-security.account-update.secure.account-verification.top/security/unauthorized-access-notice?id=59516,1
http://paypal.com/search?q=machine+learning,0
https://mozilla.org/privacy,0
http://chase-secure.account-update.secure.security-check.work/confirm/kyc-documents.php?uid=70438,1
https://nih.gov/privacy,0
https://stanford.edu/api/v1/documentation,0
https://google.com/api/v1/documentation,0
https://docs.nextjs.org/about,0
https://zoom.us/docs/getting-started,0
http://login-verify-security.com/%2e%2fpaypal%20auth%2ephp?id=611,1
http://141.110.165.14/billing/payment-failure/update-card.php?user=24425,1
https://bit.ly/Cwau4y9?target=bankofamerica-verify,1
https://api.linkedin.com/privacy,0
http://bankofamerica-verify-security-check.work/signin/secure/account_update.htm?client=,1
https://who.int/docs/getting-started,0
http://xn--amazon-security-9ya.com/billing/payment-failure/update-card.php?user=,1
https://microsoft.com/about,0
http://xn--amazon-security-9ya.com/webscr?cmd=_login-run&dispatch=,1
http://66.169.96.96/auth/re-login?redirect_to=51215,1
http://netflix-billing.account-update.secure.login-auth.click/recovery/restore-wallet-key?session=20322,1
https://docs.mit.edu/about,0
http://dhl-tracking-parcel-secure-update.xyz/security/unauthorized-access-notice?id=,1
http://paypal.account-update.secure.account-verification.top/confirm/kyc-documents.php?uid=74493,1
http://gov-aid-payout.account-update.secure.secure-update.xyz/auth/re-login?redirect_to=63781,1
https://stripe.com/pricing,0
https://cutt.ly/KG2WGBZ?target=apple-id,1
https://zoom.us/pricing,0
https://react.dev/download/latest,0
https://bit.ly/FkhmwTR?target=gov-aid-payout,1
https://google.com/terms,0
http://xn--wellsfargo-online-9ya.com/security/unauthorized-access-notice?id=,1
https://portal.bbc.com/resources/whitepaper.pdf,0
http://login-verify-security.com/%2e%2fmetamask-verify%20auth%2ephp?id=433,1
http://chase-secure.account-update.secure.portal-gateway.cf/suspended/unlock-portal.aspx?auth=36197,1
https://tinyurl.com/E9WVVI3?target=gov-aid-payout,1
http://13.65.30.182/auth/re-login?redirect_to=52875,1
http://34.16.109.228/auth/re-login?redirect_to=72423,1
http://login-verify-security.com/%2e%2fmicrosoft-login%20auth%2ephp?id=494,1
